platform_id,video_id,watch_count,total_time_watched,price_per_watch
162,1069,1496,50864,0.39
3,1194,543117,29328318,0.33
162,1617,1502,70594,0.32
160,1895,2001,112056,0.46
9,942,780732,43720992,0.32
50,693,683196,20495880,0.21
34,1003,798080,11173120,0.18
158,663,1503,87174,0.19
161,1550,1503,45090,0.48
160,6,1997,31952,0.44
158,728,1498,35952,0.15
160,1852,1997,47928,0.43
59,513,249957,2249613,0.14
114,1049,856547,25696410,0.18
43,1340,154388,3550924,0.15
158,1555,1498,80892,0.33
150,1545,112935,3162180,0.32
158,1689,1498,44940,0.46
17,1478,498247,14947410,0.17
159,449,1511,69506,0.39
162,1636,1497,28443,0.33
66,127,844192,11818688,0.34
71,770,855608,29946280,0.37
49,1804,797375,46247750,0.17
158,68,1500,85500,0.16
146,253,751742,3758710,0.35
84,89,660306,33015300,0.12
114,153,179018,7339738,0.3
2,242,75345,2561730,0.25
89,1041,630432,18912960,0.15
160,1450,2002,30030,0.21
38,1461,135434,3521284,0.26
159,1923,1506,79818,0.38
162,249,1504,7520,0.4
83,1263,823923,9887076,0.48
55,153,36413,1492933,0.35
158,87,1503,54108,0.22
143,299,366298,17582304,0.46
160,1511,2003,42063,0.4
138,1582,168818,10129080,0.25
158,280,1498,7490,0.43
89,682,15055,90330,0.45
160,347,2002,16016,0.49
159,390,1512,19656,0.5
160,1415,2000,76000,0.41
155,1668,216089,1080445,0.32
21,910,14094,732888,0.46
136,1100,206900,8896700,0.3
160,1778,2003,44066,0.43
55,211,737910,16234020,0.15
158,1526,1499,44970,0.12
71,1831,594649,14866225,0.38
104,1205,338756,5420096,0.3
158,1281,1497,65868,0.46
160,1790,1999,51974,0.2
162,1386,1508,34684,0.3
160,293,1999,53973,0.32
162,890,1500,13500,0.26
159,1528,1510,19630,0.3
100,1162,636114,15902850,0.5
18,1052,425422,25099898,0.3
160,231,1998,13986,0.44
79,1698,640301,38418060,0.42
160,1909,2003,54081,0.33
162,1196,1497,41916,0.11
161,606,1497,37425,0.41
43,1050,624118,25588838,0.12
139,737,723404,4340424,0.12
60,1562,277830,13335840,0.12
161,1674,1497,35928,0.35
22,1708,837873,25136190,0.16
57,1054,331878,1659390,0.21
158,507,1499,76449,0.26
161,1655,1503,61623,0.2
158,113,1501,39026,0.12
147,938,185385,5005395,0.13
135,125,397069,9926725,0.18
64,1378,912938,52037466,0.16
121,118,782601,46956060,0.17
26,1349,538770,13469250,0.36
33,1865,464284,3249988,0.34
159,739,1505,43645,0.23
44,1325,947072,52088960,0.47
130,297,689365,19302220,0.35
162,1004,1498,88382,0.47
125,859,485313,25236276,0.24
162,1737,1498,65912,0.17
132,721,801243,18428589,0.34
110,1971,187975,3383550,0.44
73,1546,499776,10995072,0.18
50,172,945235,19849935,0.48
114,1302,903288,35228232,0.47
160,664,2006,58174,0.46
135,257,889834,22245850,0.42
5,956,458361,7792137,0.13
105,421,475315,18061970,0.35
117,1849,940129,28203870,0.3
135,743,830027,39841296,0.39
158,1520,1497,41916,0.38
140,622,809865,19436760,0.39
143,1602,42829,985067,0.21
159,921,1515,78780,0.24
111,701,979552,13713728,0.38
23,890,688082,6192738,0.21
158,653,1502,84112,0.14
60,1637,466645,17265865,0.47
161,57,1503,66132,0.33
20,915,95824,3737136,0.35
151,1320,888611,51539438,0.2
162,1027,1504,79712,0.34
33,1417,359968,8639232,0.35
161,1765,1500,45000,0.43
57,956,737864,12543688,0.48
99,1715,195071,9558479,0.45
82,1293,702142,34404958,0.43
117,1642,484773,9695460,0.41
159,1208,1508,22620,0.25
150,1248,930713,15822121,0.26
160,292,2005,66165,0.14
161,912,1497,43413,0.43
159,1609,1512,21168,0.2
161,699,1506,70782,0.15
159,396,1512,9072,0.33
74,1696,539247,16177410,0.43
159,523,1506,43674,0.2
159,1214,1514,10598,0.28
158,1918,1498,38948,0.38
20,429,44438,1733082,0.27
77,466,782076,29718888,0.28
150,1991,589792,23001888,0.31
90,1069,35894,1220396,0.4
159,1365,1508,43732,0.44
74,340,604006,15100150,0.17
160,1182,2001,46023,0.23
159,1709,1512,12096,0.27
8,159,806311,31446129,0.42
158,582,1503,34569,0.25
118,382,952558,16193486,0.28
45,1996,249880,13243640,0.31
161,1022,1503,31563,0.34
29,14,748942,30706622,0.17
133,1508,822109,26307488,0.15
161,863,1502,21028,0.43
103,300,630137,10712329,0.47
30,214,509461,3056766,0.4
162,387,1502,21028,0.28
77,413,54289,380023,0.13
136,390,936940,12180220,0.43
162,331,1499,23984,0.35
7,234,555922,9450674,0.15
158,1843,1500,81000,0.45
156,260,847221,20333304,0.12
49,1945,85684,428420,0.41
125,928,400777,5210101,0.26
162,702,1498,34454,0.35
161,1059,1504,73696,0.47
114,134,932653,36373467,0.16
161,93,1501,90060,0.27
146,1624,498466,25421766,0.26
136,817,769182,7691820,0.41
161,981,1503,39078,0.22
76,1440,855140,23943920,0.44
121,1077,616316,30815800,0.4
55,1239,324304,16215200,0.3
66,251,463702,11592550,0.46
127,1138,645044,16771144,0.3
32,1130,568122,19316148,0.21
161,1234,1497,50898,0.37
162,466,1503,57114,0.13
125,271,88689,4168383,0.33
160,271,2005,94235,0.25
15,464,967973,27103244,0.32
148,1640,271497,16018323,0.35
95,239,317019,5389323,0.26
162,1762,1500,21000,0.29
5,1041,546906,16407180,0.27
158,1398,1496,16456,0.49
140,1027,653651,34643503,0.49
160,1546,2001,44022,0.35
31,1844,878910,39550950,0.3
11,322,34934,593878,0.39
5,847,648310,25932400,0.4
87,662,847624,22038224,0.32
159,230,1507,46717,0.21
162,610,1500,54000,0.16
50,650,715755,15746610,0.1
43,1757,998368,30949408,0.33
108,1279,552290,9941220,0.21
158,874,1496,37400,0.3
12,256,153303,766515,0.4
161,1590,1498,43442,0.44
68,1110,309211,8348697,0.39
21,1417,403891,9693384,0.49
86,1407,3272,124336,0.38
5,214,512794,3076764,0.43
94,603,556107,3892749,0.19
161,1086,1500,43500,0.15
147,1548,676921,17599946,0.4
161,1260,1503,19539,0.18
103,753,648477,36963189,0.26
93,882,308194,9245820,0.19
7,114,574153,19521202,0.47
18,664,263480,7640920,0.23
130,1547,572596,9161536,0.25
136,1996,327598,17362694,0.11
159,421,1506,57228,0.36
162,1832,1500,90000,0.27
86,1352,243976,6831328,0.16
162,1496,1499,58461,0.46
158,114,1496,50864,0.3
158,1482,1505,12040,0.25
55,163,915636,21059628,0.17
159,1664,1513,39338,0.42
123,1167,186495,2424435,0.3
158,1151,1502,40554,0.39
0,1446,164311,9858660,0.21
99,1973,780506,3902530,0.48
118,1013,825503,16510060,0.27
44,1896,660954,17184804,0.48
29,672,789674,16583154,0.47
159,1513,1503,72144,0.13
47,1815,292783,2635047,0.46
153,111,522742,25091616,0.19
81,302,513111,13853997,0.19
160,1362,2002,72072,0.42
27,1496,687665,26818935,0.16
12,1778,91782,2019204,0.44
161,476,1500,16500,0.14
128,118,39294,2357640,0.42
153,49,975359,50718668,0.24
14,1759,51608,1548240,0.16
126,307,615486,11694234,0.41
23,142,887755,26632650,0.5
11,1282,467645,9352900,0.49
143,1166,793809,11113326,0.49
52,96,317171,4757565,0.36
71,1041,662018,19860540,0.23
158,1707,1504,43616,0.24
24,921,155317,8076484,0.35
30,164,869127,22597302,0.16
162,474,1500,7500,0.14
110,624,103261,826088,0.29
45,701,585876,8202264,0.45
158,1550,1499,44970,0.47
65,81,789583,15002077,0.12
124,1789,127182,6867828,0.27
105,933,402472,9659328,0.46
160,1310,2000,22000,0.39
162,1326,1505,54180,0.29
158,657,1493,61213,0.37
160,1359,2003,104156,0.18
5,248,942446,11309352,0.3
162,1700,1500,39000,0.33
81,764,355826,10674780,0.25
118,703,332378,9306584,0.17
51,490,32859,1741527,0.27
161,1340,1499,34477,0.5
136,525,547957,14794839,0.45
162,996,1502,54072,0.37
159,1901,1512,43848,0.34
160,643,1999,55972,0.11
161,1380,1497,44910,0.41
27,838,49457,1582624,0.26
158,430,1502,37550,0.49
158,1985,1504,76704,0.22
159,357,1507,85899,0.31
58,428,944476,26445328,0.5
161,59,1497,40419,0.49
17,1968,479237,28274983,0.27
161,1996,1503,79659,0.33
9,1054,778233,3891165,0.4
40,411,513209,27713286,0.35
113,49,387368,20143136,0.13
123,245,76316,2289480,0.42
9,1529,968740,22281020,0.1
158,1954,1497,32934,0.41
140,1698,321374,19282440,0.4
162,476,1497,16467,0.42
51,1604,968078,11616936,0.15
31,1055,118022,1888352,0.18
51,1772,767313,35296398,0.39
157,783,998625,54924375,0.21
22,353,908090,8172810,0.46
160,1079,1997,55916,0.25
161,534,1499,47968,0.41
162,1494,1498,77896,0.38
82,1182,698949,16075827,0.34
104,393,323307,12608973,0.19
58,919,892946,5357676,0.42
16,840,739272,30310152,0.37
160,22,2001,48024,0.31
41,155,98224,2848496,0.12
159,1824,1508,25636,0.35
33,1091,521039,12504936,0.42
44,448,402075,10856025,0.33
149,771,308721,10805235,0.15
7,717,356234,17099232,0.32
67,1691,921670,12903380,0.29
13,542,630446,21435164,0.21
77,1162,24035,600875,0.37
161,654,1498,70406,0.29
159,184,1511,13599,0.41
122,1744,693416,32590552,0.19
158,360,1499,64457,0.31
161,721,1503,34569,0.19
41,1702,394085,19310165,0.45
160,1537,1993,17937,0.42
90,903,921868,52546476,0.48
159,1336,1513,87754,0.22
152,607,594134,26736030,0.12
161,1345,1501,18012,0.28
162,168,1500,40500,0.25
145,1385,246332,7389960,0.11
159,1461,1509,39234,0.48
159,1917,1510,60400,0.33
41,1634,190885,3817700,0.22
160,1388,2004,34068,0.23
160,1977,1994,27916,0.23
39,1584,359596,10428284,0.41
147,1861,583658,31517532,0.4
23,159,988653,38557467,0.3
159,1245,1510,15100,0.37
84,655,209101,7736737,0.46
97,1279,435823,7844814,0.32
160,1844,2003,90135,0.17
97,1560,472984,28379040,0.13
45,1579,635911,7630932,0.29
98,338,436654,12662966,0.11
127,584,667677,39392943,0.5
13,901,383801,2302806,0.36
158,956,1500,25500,0.45
126,969,539978,15659362,0.48
81,244,663720,23893920,0.42
159,1949,1517,42476,0.22
32,504,192825,10026900,0.29
16,1777,662455,21198560,0.49
160,886,2000,56000,0.4
62,1254,289951,15367403,0.37
110,1439,255457,4853683,0.21
74,1709,541594,4332752,0.27
11,1733,344470,14812210,0.34
135,1851,117706,2236414,0.18
54,750,490063,15191953,0.41
162,574,1501,45030,0.35
56,1390,692754,29788422,0.27
160,1149,1998,93906,0.28
39,1971,639881,11517858,0.18
112,1563,440259,8805180,0.14
160,864,2003,98147,0.34
19,767,868396,35604236,0.49
159,26,1508,64844,0.37
106,1009,307644,7998744,0.18
158,381,1502,45060,0.32
125,1317,464396,16253860,0.3
47,90,63300,3734700,0.15
161,547,1505,12040,0.29
159,1215,1506,46686,0.17
116,111,402359,19313232,0.26
128,472,405098,11342744,0.3
40,786,276239,11602038,0.26
75,224,299837,2398696,0.32
105,351,337163,6068934,0.42
162,775,1496,28424,0.14
107,866,185821,8547766,0.47
155,1024,312580,8127080,0.39
82,1382,352758,17637900,0.32
129,1776,935834,34625858,0.19
47,1277,778489,42816895,0.26
159,1872,1513,28747,0.33
106,1695,902231,41502626,0.22
100,1187,360067,21604020,0.13
162,1189,1502,13518,0.26
162,455,1498,40446,0.3
13,30,297971,7747246,0.18
162,1068,1499,44970,0.36
38,1423,499552,23478944,0.49
160,335,2000,76000,0.24
159,633,1506,22590,0.36
159,656,1511,39286,0.26
36,29,847761,22041786,0.11
6,1378,814240,46411680,0.34
107,591,76522,4361754,0.34
159,1284,1514,78728,0.27
161,1792,1504,36096,0.18
97,1193,536760,6441120,0.13
142,1785,509934,2549670,0.35
30,837,5731,40117,0.24
147,843,459988,12419676,0.34
120,73,56974,2392908,0.31
78,472,661904,18533312,0.11
56,1146,95501,2483026,0.23
89,1895,553729,31008824,0.48
158,1720,1499,65956,0.22
113,1802,320868,18610344,0.49
27,1088,64542,1226298,0.43
161,778,1504,42112,0.3
149,974,459995,11499875,0.31
48,222,401154,7220772,0.4
158,896,1503,43587,0.46
161,1379,1505,13545,0.15
124,515,337523,7425506,0.34
158,1604,1500,18000,0.34
118,371,33480,334800,0.37
26,501,818252,6546016,0.39
160,3,2000,74000,0.25
88,897,54085,3028760,0.19
162,1503,1503,24048,0.47
8,989,585377,5268393,0.39
80,1233,695675,4174050,0.41
158,1582,1498,89880,0.24
117,1519,952454,32383436,0.24
82,796,524457,20978280,0.43
161,1755,1496,79288,0.1
83,903,950001,54150057,0.21
60,1889,463627,26426739,0.37
161,1522,1500,34500,0.39
82,590,568156,18749148,0.13
158,114,1504,51136,0.21
158,1971,1497,26946,0.16
110,422,778000,5446000,0.39
68,69,988371,27674388,0.4
112,1556,955402,43948492,0.33
20,1569,163867,3932808,0.17
154,852,774704,22466416,0.33
158,723,1503,52605,0.1
159,1527,1509,39234,0.5
159,1407,1508,57304,0.48
162,1104,1497,41916,0.25
53,1742,696848,24389680,0.12
132,1828,25454,967252,0.34
158,608,1500,25500,0.4
57,1497,497779,3982232,0.27
41,1998,938204,11258448,0.35
50,133,854887,33340593,0.11
84,997,530875,31852500,0.24
75,607,993914,44726130,0.24
161,865,1496,67320,0.18
161,89,1503,75150,0.16
116,342,299588,8688052,0.18
38,1377,477914,7646624,0.47
158,654,1494,70218,0.47
131,1129,510848,21455616,0.12
158,973,1503,21042,0.37
157,1931,968133,21298926,0.5
139,535,201069,3820311,0.37
45,1213,868444,26053320,0.15
84,209,550744,22029760,0.37
12,694,307270,9218100,0.5
85,86,418675,22608450,0.43
160,89,2004,100200,0.14
158,1812,1496,46376,0.49
70,575,229506,3442590,0.47
162,773,1504,40608,0.16
6,1454,481925,6265025,0.16
18,1171,175694,1054164,0.39
31,980,750801,17268423,0.19
159,443,1509,72432,0.15
134,335,828378,31478364,0.16
14,447,874938,41122086,0.15
53,1837,617881,35219217,0.28
146,1605,693891,14571711,0.15
160,729,2000,30000,0.38
34,429,608279,23722881,0.13
32,1177,422503,24505174,0.41
161,311,1501,28519,0.18
51,1941,969546,44599116,0.25
142,8,301250,4217500,0.12
86,1719,907088,30840992,0.29
14,814,448839,19748916,0.21
28,150,139535,1116280,0.3
161,1607,1500,25500,0.15
82,604,448490,3587920,0.31
159,731,1507,43703,0.14
145,201,963714,4818570,0.19
126,1978,945182,38752462,0.14
99,1853,844007,18568154,0.11
74,483,39006,273042,0.37
158,732,1501,31521,0.38
108,1202,225086,7878010,0.28
117,1900,614828,35660024,0.45
53,784,758288,28056656,0.41
111,842,199640,1996400,0.45
160,143,1997,37943,0.45
93,1654,498239,8968302,0.29
52,910,296643,15425436,0.14
90,178,190985,5729550,0.29
43,589,692589,35322039,0.4
159,320,1515,66660,0.34
162,1030,1500,9000,0.47
162,112,1502,34546,0.15
61,448,156338,4221126,0.36
161,1363,1494,82170,0.37
107,1032,86218,1120834,0.14
160,1865,2000,14000,0.12
161,308,1494,26892,0.12
34,441,564967,27683383,0.39
84,523,833355,24167295,0.47
75,1790,450030,11700780,0.12
36,1695,360635,16589210,0.28
28,247,724876,15222396,0.38
4,1905,970483,27173524,0.3
37,1017,308839,9265170,0.39
69,601,715821,21474630,0.3
97,779,980104,57826136,0.15
20,1379,789847,7108623,0.16
111,1757,743467,23047477,0.37
110,460,726135,34854480,0.48
161,581,1497,35928,0.34
20,1135,11703,655368,0.22
158,1861,1502,81108,0.47
30,641,160887,6435480,0.14
160,1913,2001,12006,0.11
162,1313,1498,19474,0.27
159,1790,1514,39364,0.49
68,1413,519052,9342936,0.3
161,1062,1499,71952,0.19
135,572,857033,43708683,0.13
100,506,314807,11018245,0.27
90,1930,724118,42722962,0.31
34,825,997587,29927610,0.32
57,565,227840,10480640,0.47
162,1306,1502,55574,0.4
158,35,1501,61541,0.2
122,1741,461939,24944706,0.29
161,101,1496,32912,0.22
102,929,538596,29084184,0.46
160,1384,2003,104156,0.35
57,1707,445776,12927504,0.28
126,1365,378711,10982619,0.4
5,209,986506,39460240,0.32
23,1976,940974,21642402,0.36
73,1437,724335,34043745,0.17
100,1227,485524,19420960,0.22
106,1113,206539,10740028,0.41
160,591,2001,114057,0.25
160,95,1998,41958,0.47
11,1081,21090,274170,0.48
159,1797,1508,30160,0.15
162,446,1501,45030,0.14
162,1155,1498,10486,0.13
159,1651,1511,84616,0.16
162,636,1503,31563,0.23
107,147,215688,6039264,0.28
160,643,2002,56056,0.48
110,1376,57676,1557252,0.14
27,37,955442,21975166,0.18
60,1434,592039,22497482,0.2
145,300,264319,4493423,0.17
7,453,263267,3685738,0.42
114,20,761413,3807065,0.32
49,1847,60840,2737800,0.16
4,804,826499,41324950,0.17
162,1052,1499,88441,0.2
160,645,1999,59970,0.21
6,35,911121,37355961,0.27
162,384,1505,27090,0.46
66,1702,653576,32025224,0.48
63,1827,642911,16715686,0.12
18,254,893219,33942322,0.33
161,1686,1503,7515,0.37
16,1228,219508,9658352,0.34
160,1112,1996,9980,0.37
158,243,1499,11992,0.32
147,923,735321,5147247,0.22
104,1769,591453,30164103,0.38
159,1557,1508,15080,0.26
162,675,1499,7495,0.36
162,1326,1498,53928,0.29
30,89,360327,18016350,0.2
161,483,1496,10472,0.23
64,1444,401115,2005575,0.29
0,1405,798454,18364442,0.43
44,1156,503124,8049984,0.42
160,1792,1993,47832,0.44
158,1726,1508,60320,0.31
120,503,547107,19148745,0.11
48,1995,22249,1023454,0.25
162,1450,1500,22500,0.11
90,1252,988451,24711275,0.18
162,559,1500,67500,0.37
162,1452,1498,56924,0.24
86,1034,650011,18850319,0.37
20,12,658942,8566246,0.49
49,1184,678388,37989728,0.4
119,1608,756868,44655212,0.27
9,941,645630,16140750,0.46
16,1743,982932,51112464,0.1
159,1563,1507,30140,0.44
71,681,16891,405384,0.41
102,469,603289,34387473,0.13
162,130,1496,13464,0.11
42,125,779723,19493075,0.35
105,49,298919,15543788,0.48
160,841,2007,48168,0.37
80,1920,986559,7892472,0.27
158,1023,1502,37550,0.41
161,1514,1504,24064,0.47
159,1551,1509,87522,0.21
17,940,95702,2583954,0.31
9,1011,542480,32006320,0.46
27,1506,298211,11033807,0.47
162,1789,1495,80730,0.45
162,921,1500,78000,0.38
132,1945,774706,3873530,0.26
151,1312,590801,7680413,0.38
20,1903,842121,13473936,0.12
39,653,627839,35158984,0.17
142,842,878812,8788120,0.14
117,15,775059,10075767,0.42
72,431,659964,4619748,0.3
162,1491,1497,86826,0.37
158,1801,1498,68908,0.45
143,1120,711433,28457320,0.33
37,1291,772347,17763981,0.43
162,1163,1502,61582,0.24
22,1913,947202,5683212,0.32
160,655,1998,73926,0.3
158,1185,1501,15010,0.25
127,344,609848,9757568,0.21
65,975,12830,436220,0.26
84,1364,171783,1030698,0.48
161,1121,1503,15030,0.2
37,506,287675,10068625,0.4
84,1755,869426,46079578,0.13
160,1071,1997,49925,0.45
21,1893,193065,4247430,0.23
68,365,75393,1432467,0.24
159,1646,1512,15120,0.33
37,1093,291269,3786497,0.3
49,1939,525613,12089099,0.48
159,1901,1508,43732,0.29
25,1862,995711,14935665,0.42
55,201,704235,3521175,0.47
159,1107,1515,9090,0.4
36,113,576198,14981148,0.24
158,817,1498,14980,0.28
157,65,956666,16263322,0.44
162,104,1500,43500,0.42
114,1961,858107,24026996,0.11
28,409,454279,4088511,0.37
16,446,509235,15277050,0.25
158,1502,1505,45150,0.34
146,233,507216,9637104,0.18
159,869,1507,31647,0.13
84,1603,721932,15160572,0.27
105,84,321878,2253146,0.19
83,1698,928099,55685940,0.39
150,1048,337162,3371620,0.19
93,1949,231401,6479228,0.29
88,9,296443,3557316,0.45
161,1612,1498,31458,0.15
159,1626,1512,89208,0.24
162,1548,1499,38974,0.33
21,653,902814,50557584,0.38
83,1354,811080,36498600,0.13
4,1703,463408,21780176,0.33
160,99,1996,69860,0.14
159,1571,1515,48480,0.47
160,1687,1993,85699,0.28
30,1895,323985,18143160,0.23
158,747,1495,68770,0.24
84,810,212705,4679510,0.2
61,1521,457384,12349368,0.15
20,1640,157841,9312619,0.41
69,1778,774310,17034820,0.18
127,249,233933,1169665,0.5
162,961,1498,53928,0.41
161,507,1502,76602,0.36
97,184,764851,6883659,0.3
97,1495,772522,18540528,0.37
141,1289,962823,34661628,0.46
162,1131,1504,54144,0.41
75,782,820493,47588594,0.18
97,47,524399,9439182,0.38
115,1463,616876,12954396,0.24
159,1078,1510,69460,0.11
42,1787,101108,2831024,0.23
107,237,206400,10320000,0.4
104,1085,115524,2194956,0.12
160,663,2001,116058,0.21
160,137,1997,45931,0.41
48,762,728892,13120056,0.25
134,387,121180,1696520,0.23
139,1371,994685,15914960,0.41
158,464,1504,42112,0.26
161,999,1501,54036,0.18
159,659,1508,78416,0.15
33,1143,861896,24994984,0.22
119,1913,269508,1617048,0.39
111,396,87287,523722,0.31
24,97,79533,3419919,0.19
38,1189,695195,6256755,0.14
78,1230,854428,29050552,0.3
24,1487,709177,26948726,0.47
162,1712,1502,10514,0.36
73,1052,57240,3377160,0.46
131,975,379016,12886544,0.29
161,61,1501,55537,0.42
158,103,1504,85728,0.44
61,1073,584954,11699080,0.14
122,292,646807,21344631,0.3
12,42,403686,14129010,0.42
138,732,283240,5948040,0.19
58,1943,548163,9866934,0.36
37,390,941727,12242451,0.35
111,1431,971194,19423880,0.42
161,62,1496,73304,0.29
125,1979,705828,28938948,0.26
160,870,1997,111832,0.14
81,1309,110458,2098702,0.39
39,411,837483,45224082,0.21
39,559,570850,25688250,0.35
140,1291,53724,1235652,0.45
145,351,243404,4381272,0.41
104,1397,180778,9762012,0.29
162,1545,1499,41972,0.16
37,1212,741118,43725962,0.42
96,603,752997,5270979,0.18
162,1603,1497,31437,0.3
29,767,854488,35034008,0.2
109,1517,542054,4336432,0.37
90,1133,372252,8189544,0.42
30,1382,906637,45331850,0.2
53,856,495680,12887680,0.19
158,803,1506,70782,0.42
159,527,1510,89090,0.45
78,780,104077,3018233,0.15
111,380,104265,5213250,0.13
41,39,717364,20086192,0.13
26,1004,71718,4231362,0.5
12,1332,275919,7449813,0.27
43,806,818358,8183580,0.32
160,165,1998,81918,0.28
32,204,156343,8129836,0.41
158,1311,1499,41972,0.4
111,366,13582,787756,0.26
54,1808,252401,7319629,0.12
120,1171,688489,4130934,0.12
161,491,1498,13482,0.37
142,927,537483,10749660,0.31
158,329,1500,21000,0.23
105,1885,331496,15580312,0.48
0,964,847777,4238885,0.14
162,697,1494,38844,0.32
146,1257,256811,4622598,0.4
158,1195,1502,15020,0.41
162,599,1496,71808,0.5
118,295,472663,14179890,0.46
142,1317,657150,23000250,0.16
161,947,1502,25534,0.25
40,943,194140,5241780,0.4
35,868,872987,7856883,0.29
112,775,803035,15257665,0.32
101,360,760527,32702661,0.44
65,1381,187980,5075460,0.43
25,1283,348952,1744760,0.41
14,586,289544,3184984,0.23
145,1659,35487,603279,0.26
73,53,950676,26618928,0.35
161,178,1499,44970,0.41
161,1961,1500,42000,0.32
159,1984,1512,19656,0.14
159,1734,1508,33176,0.44
87,1128,792691,25366112,0.38
158,150,1502,12016,0.11
100,966,739158,30305478,0.24
158,1058,1502,12016,0.22
6,162,882488,47654352,0.15
0,1730,174896,4897088,0.15
158,1869,1497,38922,0.45
159,1595,1509,16599,0.18
161,1218,1500,13500,0.27
161,168,1499,40473,0.43
101,1554,530244,2651220,0.12
161,252,1499,40473,0.31
87,1782,345818,10028722,0.3
120,1922,103489,827912,0.46
97,1463,342172,7185612,0.46
44,1146,503387,13088062,0.47
158,1116,1499,88441,0.45
108,1441,3676,124984,0.26
73,6,230605,3689680,0.34
1,243,915483,7323864,0.19
160,185,1997,27958,0.15
161,1590,1503,43587,0.31
73,1116,655856,38695504,0.1
84,1716,125085,3252210,0.28
80,1957,38758,542612,0.5
161,1528,1503,19539,0.41
158,206,1495,32890,0.32
159,504,1510,78520,0.17
74,1377,260305,4164880,0.47
142,859,88977,4626804,0.35
121,198,404954,4049540,0.19
150,1500,5155,154650,0.46
158,1365,1503,43587,0.18
29,1704,898945,34159910,0.27
160,559,1998,89910,0.12
13,214,52706,316236,0.33
162,1047,1501,16511,0.23
41,570,44755,2416770,0.2
141,1943,2244,40392,0.3
72,84,760576,5324032,0.16
148,617,527172,7380408,0.25
85,1189,386831,3481479,0.34
125,449,366816,16873536,0.3
161,1805,1504,34592,0.32
159,1095,1516,39416,0.31
116,1291,940684,21635732,0.16
14,1880,267454,5883988,0.29
96,736,304059,8817711,0.17
31,1468,470085,5170935,0.48
17,396,162953,977718,0.25
103,380,9107,455350,0.31
157,1074,279531,15094674,0.21
159,820,1510,19630,0.36
21,1644,467839,13099492,0.34
158,1142,1500,61500,0.11
104,350,666850,14003850,0.33
160,356,1999,53973,0.28
160,1395,2002,64064,0.26
146,540,796984,11157776,0.39
64,945,432280,21181720,0.4
24,1744,449892,21144924,0.35
162,1658,1500,40500,0.14
18,1474,40297,1128316,0.21
111,1581,475598,16645930,0.14
81,1867,607728,32817312,0.26
158,548,1503,82665,0.41
117,1931,958909,21095998,0.43
16,562,619459,14867016,0.42
159,778,1509,42252,0.44
48,645,534982,16049460,0.2
124,350,337236,7081956,0.4
69,490,122173,6475169,0.46
7,803,690186,32438742,0.18
123,252,656357,17721639,0.31
140,1710,635896,17169192,0.48
148,829,750825,8259075,0.38
19,1204,115219,1613066,0.13
29,1246,591656,33724392,0.29
47,1368,849989,13599824,0.19
158,832,1499,16489,0.3
158,375,1498,16478,0.27
47,1429,41653,1957691,0.18
22,877,800902,45651414,0.17
160,1462,2000,100000,0.38
161,615,1500,46500,0.14
160,1559,1997,77883,0.28
160,152,1998,19980,0.32
1,128,116663,4199868,0.13
6,1722,802560,48153600,0.12
158,1967,1498,77896,0.32
128,999,250984,9035424,0.48
3,1966,507697,13707819,0.41
147,1141,108679,6520740,0.46
136,128,577049,20773764,0.34
64,1306,705947,26120039,0.18
134,832,610790,6718690,0.14
74,1494,633031,32917612,0.24
156,421,580731,22067778,0.11
125,950,589620,15330120,0.11
124,1047,604757,6652327,0.26
111,1684,25600,972800,0.4
161,1021,1501,18012,0.46
7,1595,548860,6037460,0.43
91,453,369488,5172832,0.26
159,808,1508,34684,0.5
134,185,27184,380576,0.19
80,1409,204342,2247762,0.22
146,1245,12187,121870,0.11
154,1374,42762,256572,0.18
75,591,77339,4408323,0.28
62,1557,448764,4487640,0.42
162,1120,1500,60000,0.32
111,1281,755063,33222772,0.31
160,381,2005,60150,0.33
159,1138,1512,39312,0.22
140,1515,354996,10294884,0.32
160,405,1996,61876,0.27
161,1709,1500,12000,0.15
20,1943,291417,5245506,0.25
82,826,174461,4710447,0.32
110,841,283868,6812832,0.11
150,632,394430,7494170,0.32
4,1962,31426,974206,0.22
128,1725,160271,2083523,0.43
157,1695,691248,31797408,0.13
55,1145,427610,18387230,0.16
103,1702,783958,38413942,0.38
34,591,989578,56405946,0.19
48,644,595655,16678340,0.14
52,908,463574,7880758,0.14
45,1121,298607,2986070,0.35
159,104,1507,43703,0.43
140,615,282618,8761158,0.27
125,623,717671,17941775,0.12
160,1583,2000,48000,0.37
162,1688,1498,68908,0.4
158,894,1500,58500,0.3
162,1844,1495,67275,0.36
23,1810,107861,4206579,0.39
161,376,1498,73402,0.48
77,1893,232497,5114934,0.43
136,344,574835,9197360,0.49
82,1107,982079,5892474,0.26
159,404,1514,40878,0.27
83,851,287144,8327176,0.41
30,1361,444764,7116224,0.38
158,379,1497,8982,0.18
131,117,695670,33392160,0.12
150,1480,812812,21945924,0.34
160,1205,2001,32016,0.31
126,1144,315449,5047184,0.48
90,1614,684615,36284595,0.32
34,1213,422558,12676740,0.32
77,1439,471740,8963060,0.38
146,735,598338,5983380,0.46
158,1474,1502,42056,0.15
7,1074,829650,44801100,0.47
160,1124,2000,36000,0.35
76,7,570090,6841080,0.15
48,317,149400,1643400,0.29
12,435,180716,4879332,0.26
21,116,224369,7852915,0.11
12,1695,592568,27258128,0.16
160,1823,2000,26000,0.48
162,210,1498,80892,0.28
161,263,1499,40473,0.38
2,1369,195664,9978864,0.44
159,853,1509,9054,0.46
162,1673,1494,26892,0.32
162,1046,1499,88441,0.3
102,942,506209,28347704,0.22
160,1488,2000,32000,0.11
18,1176,792595,22192660,0.4
104,1495,742306,17815344,0.14
71,270,191056,8597520,0.12
11,839,249307,12216043,0.42
12,330,344053,15482385,0.23
162,157,1496,40392,0.48
38,1854,807667,42806351,0.29
117,762,784025,14112450,0.16
162,1189,1497,13473,0.24
105,747,799869,36793974,0.4
162,420,1503,46593,0.17
112,245,225508,6765240,0.29
98,664,671430,19471470,0.35
120,870,436086,24420816,0.13
99,1786,880606,6164242,0.32
54,221,349936,3149424,0.11
158,1638,1501,64543,0.29
114,45,263479,5006101,0.35
65,803,532858,25044326,0.24
50,444,133235,6128810,0.26
119,630,575905,27067535,0.25
162,1834,1500,90000,0.34
40,5,480635,16822225,0.14
13,1112,495846,2479230,0.28
63,419,464515,7432240,0.45
58,1879,242513,3637695,0.19
147,1320,753593,43708394,0.1
139,1117,153250,7202750,0.21
161,777,1497,34431,0.47
161,214,1504,9024,0.45
17,224,628233,5025864,0.36
162,1732,1505,19565,0.22
150,756,653496,13069920,0.28
158,1724,1503,76653,0.4
109,479,83923,3105151,0.24
108,1150,980848,23540352,0.42
150,809,864026,35425066,0.23
104,1830,594361,14859025,0.31
52,1549,177090,2302170,0.47
152,95,196712,4130952,0.15
132,453,414478,5802692,0.12
159,114,1510,51340,0.42
162,1687,1501,64543,0.45
17,376,366584,17962616,0.17
65,2,26663,1519791,0.44
61,1581,255883,8955905,0.38
72,1269,972011,25272286,0.43
48,977,977949,16625133,0.4
98,927,352048,7040960,0.29
161,1554,1502,7510,0.35
158,696,1495,17940,0.36
135,899,265203,13790556,0.49
93,1379,435777,3921993,0.18
24,1640,981416,57903544,0.2
158,921,1497,77844,0.48
8,1885,91909,4319723,0.36
87,1444,79921,399605,0.3
47,1339,506248,14174944,0.15
131,293,973367,26280909,0.37
124,1628,581325,5813250,0.1
61,1336,44786,2597588,0.38
73,502,52958,370706,0.43
159,29,1513,39338,0.33
154,1329,871468,4357340,0.18
159,725,1510,25670,0.15
59,1406,543771,12506733,0.45
161,1035,1501,24016,0.14
162,1351,1499,88441,0.16
146,1723,781207,24217417,0.11
160,1814,2000,38000,0.28
116,719,555248,10549712,0.33
1,1624,129016,6579816,0.22
160,1817,1997,103844,0.18
26,64,594545,7134540,0.17
75,901,26572,159432,0.25
126,1215,88085,2730635,0.23
21,1830,824434,20610850,0.28
15,18,398039,7562741,0.26
124,963,190033,3800660,0.32
10,569,754695,37734750,0.19
28,1107,225878,1355268,0.46
125,69,560041,15681148,0.41
159,1874,1511,64973,0.25
108,1402,976897,8792073,0.18
118,1868,499330,17975880,0.24
58,646,978530,7828240,0.43
162,329,1497,20958,0.16
161,1120,1503,60120,0.47
71,698,638843,3194215,0.37
32,1328,789467,19736675,0.38
45,1919,938593,7508744,0.4
160,988,2000,86000,0.42
159,303,1507,10549,0.22
18,526,263254,8160874,0.23
159,202,1508,39208,0.37
41,956,296149,5034533,0.23
151,784,42566,1574942,0.17
162,546,1501,82555,0.34
104,676,645254,12905080,0.3
2,62,13917,681933,0.29
132,1671,770781,29289678,0.25
161,1320,1505,87290,0.43
103,967,838629,4193145,0.31
162,128,1498,53928,0.34
122,1365,245266,7112714,0.42
30,728,992524,23820576,0.21
161,1846,1497,70359,0.22
59,1596,302990,8180730,0.44
161,451,1504,19552,0.23
93,1554,158624,793120,0.11
9,933,195322,4687728,0.24
135,798,96325,3275050,0.21
161,178,1497,44910,0.31
105,904,170714,9559984,0.42
23,1443,129071,7098905,0.25
162,435,1501,40527,0.45
100,417,67301,2019030,0.45
158,1844,1499,67455,0.24
14,1038,52868,2431928,0.37
162,1987,1499,10493,0.45
133,1218,90260,812340,0.47
160,1683,2001,116058,0.23
3,908,838315,14251355,0.49
38,959,636388,3818328,0.22
159,195,1507,22605,0.19
95,1651,395027,22121512,0.19
72,6,633455,10135280,0.33
17,472,498369,13954332,0.15
73,751,432300,12536700,0.28
106,638,136143,3403575,0.17
153,1269,706004,18356104,0.23
63,1947,50288,2665264,0.49
143,1198,954379,10498169,0.22
145,1895,967232,54164992,0.49
160,814,2000,88000,0.34
10,317,174545,1919995,0.41
104,1925,809024,34788032,0.47
30,684,779876,33534668,0.18
161,4,1502,75100,0.41
162,340,1502,37550,0.47
76,817,159451,1594510,0.5
40,1863,188590,8297960,0.19
162,1380,1499,44970,0.26
101,828,412242,12367260,0.16
80,371,698389,6983890,0.33
130,1014,190064,2850960,0.27
38,1433,13944,348600,0.25
160,14,1997,81877,0.25
70,1718,70826,849912,0.15
5,750,490536,15206616,0.19
161,1872,1499,28481,0.37
158,1618,1498,40446,0.45
158,434,1496,14960,0.4
99,1760,677386,23708510,0.11
19,324,705580,19756240,0.37
151,1463,879719,18474099,0.37
104,334,132216,2379888,0.21
161,836,1501,42028,0.45
7,1460,895955,46589660,0.33
161,526,1498,46438,0.34
83,1749,657617,26304680,0.47
127,956,331390,5633630,0.42
128,1221,636465,20366880,0.11
98,350,81343,1708203,0.22
30,8,321077,4495078,0.23
99,795,265225,7161075,0.38
76,885,419376,15516912,0.13
16,796,476225,19049000,0.36
30,751,31908,925332,0.19
159,1538,1515,10605,0.39
158,1434,1495,56810,0.15
143,1028,205832,9468272,0.15
132,679,63154,2968238,0.1
158,1286,1497,25449,0.33
160,505,1999,43978,0.27
62,1778,69946,1538812,0.2
161,1391,1502,67590,0.44
78,1620,514142,8226272,0.1
100,1139,225605,3835285,0.31
75,755,19540,488500,0.17
162,1988,1498,31458,0.33
160,612,2006,78234,0.29
162,1261,1500,43500,0.14
19,1143,582642,16896618,0.38
146,657,895741,36725381,0.42
59,1718,517348,6208176,0.44
138,1851,79466,1509854,0.14
159,1805,1514,34822,0.33
162,697,1501,39026,0.33
38,676,27436,548720,0.15
162,673,1500,46500,0.25
83,123,349933,5598928,0.2
118,997,677016,40620960,0.41
26,886,897636,25133808,0.15
160,1176,2004,56112,0.36
158,1965,1499,34477,0.21
160,1016,2002,94094,0.27
145,1260,842857,10957141,0.25
44,112,506567,11651041,0.41
161,718,1501,88559,0.44
95,454,613174,22687438,0.48
26,1113,62119,3230188,0.49
44,1393,8387,352254,0.3
74,16,946206,44471682,0.27
160,1835,1999,63968,0.17
26,1871,589028,11191532,0.49
137,865,311596,14021820,0.49
92,650,805718,17725796,0.37
161,1456,1503,10521,0.23
33,1832,944069,56644140,0.4
114,200,286746,2293968,0.31
82,860,272873,6821825,0.35
119,1499,798335,28740060,0.17
162,758,1498,13482,0.37
116,1285,866798,4333990,0.43
142,1412,155248,2483968,0.29
160,324,2002,56056,0.2
162,1158,1501,31521,0.35
158,1724,1501,76551,0.31
161,70,1502,78104,0.48
162,451,1499,19487,0.26
100,800,376436,9787336,0.37
159,1773,1509,78468,0.13
10,1532,828850,17405850,0.2
94,422,651500,4560500,0.24
162,1839,1497,82335,0.44
77,209,104574,4182960,0.4
159,969,1504,43616,0.22
87,1885,60599,2848153,0.12
68,1926,987356,31595392,0.27
113,1784,696111,21579441,0.13
56,20,470216,2351080,0.39
162,1156,1500,24000,0.3
159,838,1508,48256,0.21
160,1168,2002,18018,0.17
106,1422,323139,2908251,0.15
161,1959,1500,22500,0.25
13,1087,324356,18488292,0.15
122,1614,170826,9053778,0.23
58,1542,85827,4377177,0.14
162,1025,1495,26910,0.49
13,879,288722,10105270,0.23
124,543,125831,2642451,0.24
160,969,1996,57884,0.31
158,1710,1496,40392,0.47
44,1341,988113,36560181,0.23
43,1074,132641,7162614,0.21
63,54,512220,5122200,0.43
88,216,64042,2881890,0.25
89,11,664460,22591640,0.28
10,318,676817,16243608,0.49
159,1212,1513,89267,0.23
161,1027,1499,79447,0.34
135,845,341689,6833780,0.37
80,1828,87986,3343468,0.39
96,1196,880710,24659880,0.17
21,517,290544,7844688,0.12
3,726,666096,27309936,0.1
58,1722,989708,59382480,0.43
158,1926,1502,48064,0.34
15,1380,613926,18417780,0.32
46,232,258456,8787504,0.18
30,1119,809250,36416250,0.24
20,969,642547,18633863,0.33
161,484,1502,51068,0.31
158,1825,1498,29960,0.47
159,327,1508,42224,0.41
30,1039,998220,9982200,0.27
55,507,449852,22942452,0.41
89,208,997356,50865156,0.22
71,619,721544,23810952,0.44
118,532,292448,16377088,0.25
86,745,28457,1422850,0.26
97,1888,484529,4845290,0.49
159,1202,1513,52955,0.2
158,1286,1497,25449,0.44
93,74,281972,6767328,0.12
116,997,497054,29823240,0.49
69,1429,863297,40574959,0.42
68,625,368189,11045670,0.41
53,1678,146275,5265900,0.36
126,159,58395,2277405,0.31
85,1921,611759,18964529,0.23
10,14,113994,4673754,0.18
162,314,1501,16511,0.28
93,1832,149228,8953680,0.13
42,1555,441482,23840028,0.27
161,1044,1496,62832,0.18
160,1541,2004,34068,0.2
22,262,361415,9035375,0.22
8,702,454769,10459687,0.39
162,307,1498,28462,0.25
155,316,554064,27149136,0.24
41,1344,278990,1394950,0.36
159,462,1514,87812,0.17
140,440,873657,40188222,0.32
15,453,107897,1510558,0.34
70,1199,504892,4544028,0.14
146,768,348708,3487080,0.27
118,1271,853850,50377150,0.34
34,1722,807310,48438600,0.18
15,426,549420,3296520,0.49
161,703,1495,41860,0.21
96,1233,730564,4383384,0.26
162,1759,1510,45300,0.44
73,1380,524328,15729840,0.24
162,217,1496,89760,0.16
97,30,877489,22814714,0.34
101,1895,674945,37796920,0.26
160,1269,2001,52026,0.32
51,1151,732781,19785087,0.16
3,1610,624651,32481852,0.36
154,702,413223,9504129,0.28
110,1315,799167,44753352,0.37
75,819,269653,15909527,0.41
133,515,90412,1989064,0.28
159,1755,1511,80083,0.1
159,750,1510,46810,0.12
158,192,1504,46624,0.46
162,490,1492,79076,0.21
38,308,453462,8162316,0.21
77,706,927312,16691616,0.23
63,144,970166,22313818,0.42
162,1700,1495,38870,0.29
55,1659,918246,15610182,0.4
149,677,502784,9050112,0.48
48,640,9799,137186,0.28
161,181,1500,64500,0.12
125,796,960993,38439720,0.28
159,946,1514,45420,0.48
82,763,281144,6185168,0.26
161,128,1502,54072,0.31
109,1074,769077,41530158,0.45
159,1139,1509,25653,0.25
161,327,1504,42112,0.3
144,1158,314768,6610128,0.11
160,685,2000,58000,0.25
92,973,79917,1118838,0.28
99,1308,46455,2090475,0.15
133,1560,730872,43852320,0.13
23,1489,738955,9606415,0.2
32,984,503676,29716884,0.24
162,754,1497,85329,0.28
161,266,1501,61541,0.34
27,1311,32046,897288,0.43
162,1364,1499,8994,0.46
143,1763,768495,4610970,0.12
159,505,1510,33220,0.12
108,1160,407485,9372155,0.35
21,1708,649018,19470540,0.26
65,731,364224,10562496,0.48
23,518,143851,5178636,0.21
36,720,9998,239952,0.39
161,194,1497,8982,0.37
162,1868,1499,53964,0.29
130,1315,449352,25163712,0.28
161,819,1501,88559,0.36
161,339,1502,25534,0.42
140,1706,589713,19460529,0.28
27,193,134504,3766112,0.38
160,1564,1997,91862,0.4
45,766,659297,36920632,0.49
162,1398,1504,16544,0.18
5,262,114645,2866125,0.22
55,1641,17921,680998,0.43
161,1479,1502,12016,0.47
81,490,291626,15456178,0.21
61,1465,820380,17227980,0.29
159,1752,1515,90900,0.39
158,865,1501,67545,0.33
145,1820,471205,21675430,0.1
33,67,970049,10670539,0.31
162,828,1503,45090,0.21
113,224,982022,7856176,0.46
159,382,1514,25738,0.19
63,843,905872,24458544,0.29
37,369,822542,23031176,0.3
52,1335,958725,24926850,0.24
158,161,1497,32934,0.32
160,1310,2000,22000,0.35
149,1266,337022,10110660,0.16
131,484,696184,23670256,0.16
161,1387,1499,88441,0.17
158,478,1502,51068,0.14
141,1031,955131,42025764,0.36
162,1657,1505,45150,0.48
162,1236,1501,43529,0.23
133,1155,127811,894677,0.41
51,540,545143,7632002,0.19
137,1263,450119,5401428,0.35
82,202,905125,23533250,0.4
159,241,1510,90600,0.38
159,623,1510,37750,0.19
162,1723,1499,46469,0.13
99,965,723758,6513822,0.1
68,852,578960,16789840,0.29
123,1202,426951,14943285,0.15
82,194,962082,5772492,0.38
159,1965,1507,34661,0.28
161,490,1501,79553,0.33
162,501,1498,11984,0.11
159,730,1512,58968,0.13
26,1241,716725,17918125,0.24
24,231,129684,907788,0.38
20,1768,234027,8658999,0.22
116,1161,255732,13042332,0.28
38,1590,272359,7898411,0.42
158,651,1501,69046,0.15
136,551,756605,17401915,0.44
19,1119,28567,1285515,0.46
159,1250,1508,51272,0.2
161,103,1501,85557,0.43
113,496,963379,18304201,0.32
73,1712,937789,6564523,0.16
64,1841,946794,26510232,0.33
47,1562,437209,20986032,0.18
70,1862,148978,2234670,0.47
159,1075,1514,84784,0.24
60,1442,131417,6965101,0.45
161,755,1503,37575,0.22
36,659,953998,49607896,0.14
161,1497,1504,12032,0.4
158,1273,1498,31458,0.22
154,1854,184223,9763819,0.48
159,1614,1503,79659,0.23
154,655,219709,8129233,0.48
84,1219,752619,25589046,0.33
45,668,273828,9036324,0.19
115,190,399077,6385232,0.14
157,1764,529555,15357095,0.11
21,1166,552916,7740824,0.27
26,74,742678,17824272,0.42
84,1144,539679,8634864,0.22
50,1792,985655,23655720,0.48
159,1347,1507,7535,0.14
160,685,2002,58058,0.49
56,1092,195081,7413078,0.12
41,1242,84197,1683940,0.16
52,951,123730,6557690,0.4
105,115,686112,8233344,0.35
19,1879,306916,4603740,0.13
140,1458,962132,25977564,0.39
160,1631,2002,76076,0.25
162,1660,1501,75050,0.35
139,796,66363,2654520,0.24
17,833,49622,1538282,0.5
160,1504,2000,54000,0.14
25,1115,628159,27010837,0.21
56,271,820292,38553724,0.33
157,1167,735615,9562995,0.19
104,561,899532,24287364,0.47
31,623,865428,21635700,0.29
153,15,993855,12920115,0.37
120,1586,463302,4633020,0.24
161,1683,1499,86942,0.3
138,61,410415,15185355,0.42
160,1677,2000,102000,0.31
141,1563,660441,13208820,0.33
160,1788,2004,32064,0.35
87,959,710874,4265244,0.32
161,786,1500,63000,0.28
159,1940,1509,22635,0.41
148,486,818465,18824695,0.27
77,775,35253,669807,0.41
46,1288,31440,1509120,0.11
161,678,1499,8994,0.29
160,886,2005,56140,0.36
89,211,723492,15916824,0.41
162,1809,1502,40554,0.36
112,566,408061,10201525,0.4
158,1505,1499,17988,0.18
130,1131,131623,4738428,0.19
161,793,1500,30000,0.44
159,1548,1512,39312,0.46
144,748,156314,7190444,0.48
98,1595,324011,3564121,0.36
20,1416,302309,13301596,0.11
23,1464,775076,9300912,0.36
59,51,620620,17997980,0.4
110,1689,701825,21054750,0.42
102,345,61063,305315,0.48
158,1274,1507,82885,0.16
45,35,652729,26761889,0.44
160,856,1997,51922,0.35
158,1717,1500,79500,0.21
49,887,637792,10842464,0.29
159,1646,1506,15060,0.38
149,4,435035,21751750,0.26
0,1142,229471,9408311,0.46
161,775,1502,28538,0.43
67,1796,506105,3542735,0.24
52,1229,594698,35087182,0.5
162,1712,1499,10493,0.29
158,568,1499,34477,0.21
130,101,660483,14530626,0.17
82,767,501723,20570643,0.23
31,1379,164315,1478835,0.39
161,307,1499,28481,0.22
133,1841,313874,8788472,0.38
88,653,695339,38938984,0.42
162,479,1505,55685,0.35
69,1628,291771,2917710,0.14
159,989,1500,13500,0.21
160,1304,1998,55944,0.47
158,1497,1500,12000,0.46
160,1156,1998,31968,0.36
161,1966,1504,40608,0.1
0,370,43446,1998516,0.47
11,1843,433694,23419476,0.4
160,132,2001,18009,0.34
158,140,1496,41888,0.39
71,1906,884309,36256669,0.15
99,719,883485,16786215,0.12
160,1510,1999,69965,0.34
105,782,757775,43950950,0.43
64,1495,957346,22976304,0.44
125,1224,764015,21392420,0.39
117,1217,189453,3031248,0.17
25,959,721554,4329324,0.3
47,1989,481077,8659386,0.15
159,404,1510,40770,0.19
14,213,317842,13031522,0.46
158,421,1501,57038,0.36
4,1886,389680,15197520,0.13
116,165,500407,20516687,0.19
158,1861,1499,80946,0.48
158,926,1497,22455,0.32
124,1772,695421,31989366,0.29
64,189,464993,13484797,0.49
78,316,859786,42129514,0.25
158,1038,1495,68770,0.19
109,1598,655938,13774698,0.26
32,1271,723644,42694996,0.35
6,1167,81357,1057641,0.24
100,1384,928421,48277892,0.19
87,858,950499,14257485,0.45
159,12,1511,19643,0.18
125,531,582559,20972124,0.36
63,1618,337604,9115308,0.12
95,568,884932,20353436,0.24
89,78,453203,9064060,0.37
159,293,1512,40824,0.5
161,1701,1499,58461,0.24
127,33,4398,171522,0.16
34,609,233858,7717314,0.11
63,400,42663,383967,0.39
29,1922,485388,3883104,0.3
23,1973,994692,4973460,0.27
44,1807,543678,14135628,0.11
109,233,737337,14009403,0.28
160,1597,1998,95904,0.49
27,732,833697,17507637,0.4
160,118,2000,120000,0.2
159,1474,1510,42280,0.23
76,1288,921133,44214384,0.21
162,1496,1499,58461,0.32
84,1195,753399,7533990,0.14
158,1831,1500,37500,0.18
162,51,1505,43645,0.26
162,123,1500,24000,0.14
82,498,337545,10126350,0.5
109,139,801716,32068640,0.42
120,270,672207,30249315,0.27
53,187,373029,2984232,0.32
160,486,1998,45954,0.34
162,1523,1502,69092,0.36
8,820,791284,10286692,0.47
76,1125,319556,13421352,0.33
22,1476,55067,1046273,0.48
105,509,324435,15572880,0.46
162,173,1501,16511,0.46
53,419,47956,767296,0.3
88,1752,875522,52531320,0.38
130,531,858205,30895380,0.27
161,668,1502,49566,0.39
117,794,663084,6630840,0.26
64,370,131813,6063398,0.48
103,42,128279,4489765,0.21
159,1767,1510,33220,0.34
13,141,108149,2379278,0.38
144,1870,706727,10600905,0.24
69,552,937338,39368196,0.43
147,712,196538,10613052,0.32
27,946,447525,13425750,0.41
112,900,372199,6699582,0.2
10,16,69742,3277874,0.16
151,1030,670266,4021596,0.39
162,13,1504,60160,0.17
159,831,1506,42168,0.14
87,867,796920,40642920,0.19
162,1060,1498,28462,0.11
50,993,251396,7541880,0.27
97,1951,741549,3707745,0.29
158,0,1502,70594,0.32
160,1462,2000,100000,0.34
45,1436,566738,22669520,0.41
162,393,1496,58344,0.26
91,1302,734279,28636881,0.37
158,1310,1498,16478,0.12
6,1688,897153,41269038,0.38
154,1017,930621,27918630,0.38
160,741,2002,68068,0.13
161,1915,1501,60040,0.49
66,1740,30159,633339,0.41
97,302,490767,13250709,0.11
10,884,379662,11389860,0.38
162,374,1505,43645,0.1
162,1301,1502,78104,0.36
139,1380,415075,12452250,0.21
99,42,494267,17299345,0.49
66,799,366376,9892152,0.46
81,1609,127170,1780380,0.44
119,1593,255924,6654024,0.2
152,422,47486,332402,0.32
103,115,131598,1579176,0.4
37,1795,804360,15282840,0.21
162,1513,1501,72048,0.21
29,806,855665,8556650,0.34
66,262,702407,17560175,0.16
63,1029,90861,4633911,0.26
162,377,1502,40554,0.38
161,708,1501,13509,0.23
155,620,326712,7514376,0.23
146,119,390630,17578350,0.47
29,33,402212,15686268,0.35
154,406,664308,31222476,0.15
37,1545,364698,10211544,0.22
158,77,1503,22545,0.33
159,1982,1512,43848,0.47
160,1142,2004,82164,0.21
159,1064,1506,37650,0.35
22,1999,892111,37468662,0.3
95,1087,253819,14467683,0.33
121,1904,305887,15906124,0.3
107,1219,246896,8394464,0.32
75,517,138643,3743361,0.49
158,1935,1499,43471,0.16
47,1813,403828,4038280,0.32
8,1384,629670,32742840,0.33
112,1836,787283,32278603,0.16
63,114,546552,18582768,0.19
89,825,896676,26900280,0.42
124,1861,448114,24198156,0.26
158,1695,1496,68816,0.36
33,624,271529,2172232,0.35
159,1174,1512,9072,0.27
159,626,1515,13635,0.42
42,1129,246495,10352790,0.48
161,809,1500,61500,0.2
76,25,536438,23066834,0.15
86,488,316969,6022411,0.11
160,882,1998,59940,0.23
114,161,361062,7943364,0.44
159,532,1505,84280,0.14
161,937,1507,39182,0.42
34,1695,197997,9107862,0.31
84,1503,586860,9389760,0.42
160,71,1997,27958,0.23
109,300,567895,9654215,0.43
90,1599,49424,2916016,0.41
50,839,289777,14199073,0.14
161,922,1501,45030,0.41
161,1864,1505,9030,0.3
161,1974,1502,75100,0.3
79,410,947107,8523963,0.46
111,955,630489,16392714,0.22
161,661,1501,21014,0.27
113,53,331439,9280292,0.5
111,453,558951,7825314,0.2
29,191,773896,8512856,0.17
45,1387,376826,22232734,0.14
111,331,318245,5091920,0.42
147,803,194718,9151746,0.47
123,1969,483378,12084450,0.26
154,1096,380328,1901640,0.26
27,1693,847993,49183594,0.49
35,1740,537759,11292939,0.26
100,1598,481621,10114041,0.47
129,1387,783465,46224435,0.12
60,360,625792,26909056,0.39
162,889,1498,76398,0.17
158,341,1500,90000,0.15
161,676,1503,30060,0.15
161,1535,1498,17976,0.32
159,1568,1509,36216,0.18
23,1685,196704,8851680,0.16
127,1159,597767,4782136,0.15
78,234,112049,1904833,0.36
145,613,816780,47373240,0.24
13,47,788768,14197824,0.19
159,1724,1513,77163,0.47
162,409,1502,13518,0.27
54,1165,674136,31684392,0.46
159,1534,1505,73745,0.38
160,300,2004,34068,0.29
158,1365,1505,43645,0.2
37,1790,305567,7944742,0.16
8,1243,865166,9516826,0.16
158,1970,1499,29980,0.12
162,261,1502,46562,0.42
94,462,195859,11359822,0.27
160,292,1997,65901,0.23
148,594,753057,29369223,0.31
159,35,1507,61787,0.35
91,602,860155,7741395,0.21
127,1916,798559,4791354,0.24
13,1467,476995,11924875,0.27
161,338,1500,43500,0.34
159,1182,1506,34638,0.14
161,1803,1505,10535,0.36
126,1865,756892,5298244,0.13
108,1623,474560,24202560,0.42
8,772,156815,940890,0.17
42,1757,189130,5863030,0.36
158,7,1497,17964,0.23
160,1674,1999,47976,0.16
98,575,805064,12075960,0.41
6,1699,684750,16434000,0.1
77,1661,679577,40774620,0.27
13,88,783295,31331800,0.19
55,1439,512227,9732313,0.35
158,1247,1501,60040,0.21
66,1856,736399,10309586,0.41
99,1034,567984,16471536,0.38
160,788,1997,57913,0.29
161,349,1502,58578,0.27
97,248,313395,3760740,0.29
108,1526,265140,7954200,0.16
98,1058,167139,1337112,0.37
134,899,994565,51717380,0.42
158,939,1498,14980,0.24
118,1604,570237,6842844,0.45
49,513,754116,6787044,0.11
61,286,300677,8719633,0.33
65,1509,670186,40211160,0.15
47,62,537409,26333041,0.15
155,1441,921613,31334842,0.33
54,839,773570,37904930,0.36
162,959,1505,9030,0.13
159,1369,1514,77214,0.1
162,409,1498,13482,0.44
75,1994,339572,15959884,0.47
91,1950,205205,9439430,0.26
34,213,984824,40377784,0.31
159,481,1507,28633,0.37
159,125,1515,37875,0.16
160,1798,2004,34068,0.28
158,1383,1496,43384,0.25
29,1967,45142,2347384,0.33
161,1803,1504,10528,0.16
105,988,705258,30326094,0.37
162,769,1495,73255,0.1
48,1018,160634,3855216,0.49
93,1130,55199,1876766,0.11
162,124,1497,76347,0.2
92,635,556390,5563900,0.36
113,1604,121277,1455324,0.24
97,306,438282,23228946,0.4
57,1511,407403,8555463,0.29
120,99,693103,24258605,0.43
162,693,1499,44970,0.42
61,586,563631,6199941,0.16
71,304,891542,12481588,0.16
162,1066,1501,39026,0.11
142,1973,885337,4426685,0.31
159,1332,1512,40824,0.4
8,894,572980,22346220,0.19
88,830,698662,35631762,0.22
67,1121,483968,4839680,0.41
47,662,288573,7502898,0.25
121,107,773413,11601195,0.31
162,1756,1502,78104,0.12
159,1501,1511,15110,0.16
160,1944,1999,27986,0.14
67,1034,905097,26247813,0.28
159,395,1514,80242,0.44
37,353,589491,5305419,0.38
160,1204,2001,28014,0.27
111,226,441688,12808952,0.44
159,1878,1512,30240,0.44
77,1988,390994,8210874,0.31
18,1577,877243,30703505,0.26
74,1771,501749,25087450,0.36
81,1318,536719,29519545,0.26
69,1556,723084,33261864,0.14
45,1347,340330,1701650,0.12
18,1989,250246,4504428,0.26
85,1315,165814,9285584,0.1
160,1145,2002,86086,0.29
124,1951,620251,3101255,0.21
160,1874,1997,85871,0.35
47,138,853423,14508191,0.18
162,925,1504,90240,0.31
55,1413,641103,11539854,0.33
90,94,864139,34565560,0.11
6,1687,698893,30052399,0.22
116,820,177255,2304315,0.35
66,1851,707308,13438852,0.32
81,622,893846,21452304,0.21
117,1518,249027,4233459,0.48
59,1412,456180,7298880,0.31
26,254,452084,17179192,0.26
161,433,1503,21042,0.32
8,211,39664,872608,0.14
150,1301,314832,16371264,0.33
102,1644,137134,3839752,0.24
158,1817,1505,78260,0.48
160,1726,1999,79960,0.11
161,634,1499,65956,0.35
158,1841,1502,42056,0.27
46,328,456178,11860628,0.42
136,789,43116,474276,0.35
39,1254,870046,46112438,0.3
154,1885,59541,2798427,0.16
139,1421,658690,4610830,0.48
160,945,1998,97902,0.11
69,916,258084,12646116,0.1
1,256,958746,4793730,0.35
41,1597,693225,33274800,0.27
81,258,263023,14203242,0.35
159,1600,1506,12048,0.34
1,135,470458,19759236,0.48
8,1851,545678,10367882,0.44
162,1148,1499,14990,0.14
67,1382,804198,40209900,0.49
119,1605,595129,12497709,0.41
158,192,1499,46469,0.49
162,1569,1498,35952,0.23
159,1892,1506,7530,0.42
158,92,1498,74900,0.31
69,1368,795916,12734656,0.34
43,907,628111,6281110,0.22
9,1378,404122,23034954,0.22
161,160,1498,37450,0.28
125,1243,509775,5607525,0.18
135,1293,165617,8115233,0.11
158,1491,1502,87116,0.14
84,1418,766190,11492850,0.44
40,375,331563,3647193,0.21
12,252,744046,20089242,0.22
161,943,1503,40581,0.1
30,1395,69376,2220032,0.36
55,848,336442,6055956,0.36
158,1094,1495,22425,0.23
158,1911,1506,39156,0.13
158,1650,1498,11984,0.21
97,887,455339,7740763,0.27
162,394,1499,67455,0.11
161,1761,1502,70594,0.14
100,1122,640664,9609960,0.29
158,1956,1502,22530,0.37
47,1224,889032,24892896,0.29
81,1625,325654,4559156,0.23
70,1831,600323,15008075,0.32
89,1988,651754,13686834,0.42
121,1466,699713,39183928,0.22
160,723,2004,70140,0.18
131,1087,374250,21332250,0.16
141,1729,150442,7672542,0.19
120,1791,471785,11322840,0.18
130,780,473514,13731906,0.32
161,727,1499,70453,0.48
48,1789,812543,43877322,0.13
136,741,203290,6911860,0.39
159,1818,1509,64887,0.35
155,1851,836153,15886907,0.41
159,640,1508,21112,0.37
112,212,541099,21102861,0.29
56,1785,351395,1756975,0.33
160,72,2001,92046,0.18
150,996,522114,18796104,0.13
162,1903,1497,23952,0.46
7,420,360349,11170819,0.12
161,923,1506,10542,0.25
68,1233,804353,4826118,0.38
36,1597,602900,28939200,0.22
159,220,1509,37725,0.27
160,1234,2000,68000,0.27
80,82,484078,17426808,0.48
158,992,1503,31563,0.41
161,787,1499,38974,0.11
154,1502,900746,27022380,0.15
44,1530,927228,48215856,0.21
46,707,752939,35388133,0.45
158,1844,1504,67680,0.38
161,327,1497,41916,0.4
107,265,378762,6438954,0.26
71,1622,530861,13802386,0.29
110,390,829029,10777377,0.27
100,965,802831,7225479,0.15
20,1465,99372,2086812,0.49
162,832,1503,16533,0.18
93,1786,842507,5897549,0.5
61,799,620349,16749423,0.35
162,838,1498,47936,0.24
160,1107,2003,12018,0.11
162,413,1500,10500,0.34
160,1656,1995,17955,0.41
145,1532,665752,13980792,0.44
160,808,2001,46023,0.28
106,244,654685,23568660,0.13
142,452,54865,3291900,0.33
152,549,570136,14253400,0.27
0,1312,781002,10153026,0.5
105,1641,374373,14226174,0.41
161,128,1501,54036,0.44
157,150,896639,7173112,0.43
78,669,929618,51128990,0.42
0,953,424586,15285096,0.15
160,1332,1999,53973,0.26
117,1059,145049,7107401,0.34
110,1659,37731,641427,0.17
50,924,856237,7706133,0.25
74,126,580473,21477501,0.19
160,1828,2002,76076,0.47
160,1407,1999,75962,0.45
95,1029,777923,39674073,0.47
63,269,864323,8643230,0.18
102,1934,149497,1943461,0.28
44,1449,211288,9085384,0.29
159,971,1508,40716,0.15
19,1931,491369,10810118,0.34
159,438,1508,34684,0.24
125,648,614437,17818673,0.24
151,952,258412,7752360,0.35
99,1812,154158,4778898,0.44
162,1159,1495,11960,0.45
39,1991,269810,10522590,0.37
111,248,367596,4411152,0.35
161,1446,1508,90480,0.28
162,166,1501,9006,0.39
136,951,590874,31316322,0.18
161,43,1501,76551,0.4
75,519,233972,2807664,0.21
162,1831,1508,37700,0.25
67,775,229331,4357289,0.23
100,1528,888315,11548095,0.35
55,1761,134874,6339078,0.33
63,1063,191853,6523002,0.13
160,746,2005,60150,0.17
56,875,174934,4373350,0.15
100,572,859231,43820781,0.21
109,150,272536,2180288,0.2
161,1152,1501,54036,0.4
45,810,736975,16213450,0.33
114,864,776407,38043943,0.37
101,1302,228043,8893677,0.4
64,1076,457292,5944796,0.18
158,1697,1501,73549,0.3
129,972,849769,11896766,0.17
76,1740,531398,11159358,0.4
158,1272,1501,13509,0.18
159,421,1512,57456,0.36
158,1283,1500,7500,0.26
75,1541,236596,4022132,0.34
158,1615,1502,33044,0.29
161,673,1503,46593,0.16
76,407,520082,26004100,0.38
111,976,364976,18613776,0.31
162,120,1499,59960,0.46
159,269,1511,15110,0.23
162,814,1503,66132,0.17
76,1779,562693,16318097,0.2
160,213,1997,81877,0.12
52,1785,658087,3290435,0.12
116,25,747510,32142930,0.19
68,451,689250,8960250,0.27
32,1070,641523,19245690,0.34
40,1806,281686,4506976,0.34
58,1682,329449,18778593,0.39
118,1352,154309,4320652,0.49
160,662,2000,52000,0.13
161,854,1504,45120,0.17
137,380,86414,4320700,0.47
38,1631,777254,29535652,0.49
85,1995,860978,39604988,0.17
160,686,2001,34017,0.24
153,61,173345,6413765,0.36
44,823,995038,35821368,0.46
30,1680,594896,24390736,0.12
95,166,269845,1619070,0.37
161,903,1503,85671,0.37
76,563,71271,4204989,0.48
158,309,1506,87348,0.17
66,98,35131,2002467,0.19
80,723,190730,6675550,0.13
159,1809,1510,40770,0.16
158,1355,1501,19513,0.5
64,1418,320689,4810335,0.12
62,847,758713,30348520,0.34
159,117,1510,72480,0.44
159,1226,1511,28709,0.22
22,1801,955458,43951068,0.45
159,1754,1513,37825,0.33
56,1019,914301,25600428,0.19
159,1861,1509,81486,0.47
53,526,738226,22885006,0.18
107,110,741161,14823220,0.29
159,1010,1511,43819,0.38
63,190,320708,5131328,0.23
98,10,66676,3400476,0.4
146,1470,83551,2673632,0.12
67,1886,302707,11805573,0.26
92,1437,708548,33301756,0.31
159,899,1512,78624,0.35
113,997,75500,4530000,0.2
6,317,103012,1133132,0.21
162,1238,1500,87000,0.38
113,829,523752,5761272,0.2
160,1412,2001,32016,0.42
37,513,598485,5386365,0.26
13,624,949223,7593784,0.32
112,443,195994,9407712,0.31
158,1570,1498,55426,0.25
105,818,750004,40500216,0.15
159,679,1514,71158,0.5
137,328,576887,14999062,0.45
161,1709,1500,12000,0.46
161,45,1506,28614,0.37
0,1146,241640,6282640,0.19
160,1851,2000,38000,0.1
161,760,1502,42056,0.41
90,1619,880581,36984402,0.5
20,6,737675,11802800,0.2
125,1668,839732,4198660,0.24
4,686,738583,12555911,0.34
69,834,878601,26358030,0.24
160,1906,2001,82041,0.24
67,1135,393866,22056496,0.49
158,850,1497,85329,0.35
138,1460,608722,31653544,0.3
56,578,252518,13130936,0.23
37,1614,780300,41355900,0.31
160,186,2001,108054,0.14
160,1568,2001,48024,0.3
162,1061,1508,25636,0.37
147,98,390368,22250976,0.48
26,603,908396,6358772,0.46
92,1257,565661,10181898,0.19
63,797,190660,6673100,0.35
159,1812,1511,46841,0.1
39,165,302304,12394464,0.11
92,515,4634,101948,0.22
110,326,244304,4153168,0.3
108,1737,714270,31427880,0.11
124,1542,239757,12227607,0.47
2,1920,56489,451912,0.13
51,723,580937,20332795,0.43
156,1190,82731,744579,0.33
33,85,505389,18194004,0.15
162,1409,1498,16478,0.4
150,1473,341571,7172991,0.23
161,1169,1501,22515,0.47
56,1600,215406,1723248,0.35
20,1134,588097,21759589,0.43
28,452,88119,5287140,0.14
40,381,753608,22608240,0.41
69,1337,105424,4954928,0.45
45,1050,610548,25032468,0.23
10,876,945854,24592204,0.17
36,1469,975599,9755990,0.27
162,1173,1502,81108,0.43
114,842,987297,9872970,0.39
158,634,1499,65956,0.48
21,398,190222,7418658,0.13
110,133,767395,29928405,0.18
125,1568,639158,15339792,0.27
42,949,18951,1099158,0.24
160,848,1999,35982,0.22
99,225,99837,2296251,0.11
41,453,200948,2813272,0.36
6,1423,663982,31207154,0.19
161,1318,1501,82555,0.11
162,336,1502,28538,0.34
0,1176,904173,25316844,0.27
113,685,31937,926173,0.26
99,588,919330,30337890,0.32
47,88,369247,14769880,0.39
109,1574,720836,15858392,0.26
119,57,574071,25259124,0.28
157,167,416809,16255551,0.17
109,1117,367690,17281430,0.17
130,210,77000,4158000,0.25
24,1142,323900,13279900,0.26
80,75,574872,12647184,0.23
123,1370,684912,17122800,0.27
160,606,2007,50175,0.38
97,1527,713675,18555550,0.15
71,415,717826,5742608,0.35
81,1354,422152,18996840,0.13
162,1432,1496,80784,0.19
150,1474,490939,13746292,0.29
146,1668,259191,1295955,0.16
143,875,237495,5937375,0.41
160,472,1999,55972,0.37
148,845,748750,14975000,0.36
160,1754,2003,50075,0.17
161,553,1501,40527,0.2
94,306,270822,14353566,0.3
154,421,370851,14092338,0.46
121,1824,398936,6781912,0.15
7,1443,857522,47163710,0.1
127,728,389927,9358248,0.33
145,1997,788898,18144654,0.38
162,355,1497,52395,0.41
158,1804,1498,86884,0.3
157,965,378732,3408588,0.44
140,215,554506,3881542,0.46
144,1645,478253,13869337,0.4
160,965,2002,18018,0.26
161,986,1499,10493,0.37
131,1074,828285,44727390,0.43
158,1567,1494,28386,0.29
3,689,912870,9128700,0.41
160,1938,1995,27930,0.36
158,950,1500,39000,0.32
69,608,711864,12101688,0.28
118,370,191172,8793912,0.23
131,1225,247468,7176572,0.39
62,1047,234475,2579225,0.31
162,770,1499,52465,0.12
83,20,988611,4943055,0.23
162,797,1499,52465,0.45
28,1682,237445,13534365,0.42
161,1104,1504,42112,0.44
161,1558,1503,42084,0.45
162,1614,1501,79553,0.49
156,83,109102,3163958,0.36
50,1251,329967,7919208,0.42
160,784,2002,74074,0.42
109,1400,136337,7771209,0.14
158,139,1498,59920,0.22
159,1396,1507,81378,0.33
161,47,1502,27036,0.25
162,1482,1497,11976,0.42
158,26,1504,64672,0.34
160,832,1994,21934,0.31
78,852,692052,20069508,0.1
74,1138,595665,15487290,0.19
135,295,528267,15848010,0.13
74,1111,497433,11938392,0.2
152,1837,166444,9487308,0.36
161,1699,1500,36000,0.31
73,1839,545121,29981655,0.14
149,244,749821,26993556,0.37
26,1501,908437,9084370,0.45
21,1823,588421,7649473,0.38
157,1004,258941,15277519,0.23
5,938,63845,1723815,0.41
22,1467,376868,9421700,0.13
12,620,44877,1032171,0.31
65,1020,892698,48205692,0.4
10,1998,403700,4844400,0.11
62,865,934469,42051105,0.47
22,607,638204,28719180,0.37
160,181,1995,85785,0.29
37,1131,279504,10062144,0.45
101,1370,177059,4426475,0.24
29,1330,920544,52471008,0.38
159,1791,1510,36240,0.35
159,1016,1513,71111,0.38
48,674,505031,29291798,0.39
154,1861,565778,30552012,0.19
119,676,947492,18949840,0.1
49,465,544491,11434311,0.29
65,42,921458,32251030,0.27
14,1777,415006,13280192,0.23
0,1179,337558,7426276,0.35
118,1533,155932,5145756,0.15
162,350,1497,31437,0.16
158,730,1498,58422,0.18
115,726,85467,3504147,0.21
65,266,338573,13881493,0.22
106,777,86688,1993824,0.23
162,297,1497,41916,0.36
72,1428,232900,3959300,0.47
108,114,470014,15980476,0.24
98,572,798193,40707843,0.43
114,198,571332,5713320,0.47
55,14,788384,32323744,0.33
88,18,864171,16419249,0.32
12,1396,683772,36923688,0.42
157,1179,672685,14799070,0.49
56,1856,644481,9022734,0.36
158,1792,1499,35976,0.25
162,159,1499,58461,0.27
160,1016,2001,94047,0.28
130,1069,258542,8790428,0.18
132,467,961175,5767050,0.17
131,1222,368927,21028839,0.22
141,104,510433,14802557,0.25
87,1150,115190,2764560,0.17
53,642,651916,18905564,0.2
72,275,588314,34710526,0.27
158,1644,1498,41944,0.19
118,294,437179,10929475,0.17
162,48,1496,88264,0.34
159,64,1515,18180,0.26
109,580,166696,4500792,0.36
50,786,549096,23062032,0.34
63,447,368508,17319876,0.29
161,1291,1501,34523,0.35
97,1099,329082,10859706,0.33
161,895,1506,39156,0.3
137,1117,158600,7454200,0.13
159,420,1507,46717,0.37
158,201,1497,7485,0.48
141,1108,304742,3047420,0.46
159,1614,1509,79977,0.39
142,1765,987035,29611050,0.45
129,280,243787,1218935,0.12
8,463,278750,2787500,0.27
159,961,1511,54396,0.32
156,1316,109829,1757264,0.45
158,1759,1503,45090,0.15
120,978,723551,15194571,0.47
93,1163,324531,13305771,0.47
160,86,1996,107784,0.4
79,1463,96163,2019423,0.4
101,1532,926996,19466916,0.12
162,1923,1497,79341,0.33
94,577,181136,4166128,0.15
158,1609,1502,21028,0.4
127,370,923681,42489326,0.29
160,359,2001,26013,0.25
80,253,966561,4832805,0.31
46,1680,171767,7042447,0.34
80,1573,411558,2880906,0.42
104,1347,783436,3917180,0.47
3,1343,895126,38490418,0.39
25,556,473286,10412292,0.18
0,8,6403,89642,0.38
66,1575,706710,16254330,0.12
119,1933,48092,817564,0.29
117,749,876352,24537856,0.46
158,557,1498,61418,0.41
93,928,197353,2565589,0.21
161,1092,1504,57152,0.45
160,1345,2000,24000,0.32
135,1512,107816,3234480,0.16
161,750,1503,46593,0.45
20,1621,99313,2085573,0.36
161,694,1501,45030,0.2
141,122,744194,32000342,0.36
69,534,453218,14502976,0.46
160,1765,1995,59850,0.45
159,979,1508,70876,0.12
133,1534,645656,31637144,0.48
12,1994,465491,21878077,0.11
46,735,24010,240100,0.49
78,468,766108,6128864,0.32
162,342,1501,43529,0.13
25,622,963320,23119680,0.3
74,1152,673287,24238332,0.46
161,1877,1499,28481,0.17
158,1707,1500,43500,0.44
121,129,105716,3911492,0.45
62,1026,781191,5468337,0.27
40,1638,448117,19269031,0.14
78,268,49866,1196784,0.18
80,1014,492722,7390830,0.3
69,390,474481,6168253,0.43
106,1238,466655,27065990,0.46
149,1499,791474,28493064,0.28
61,742,541124,12445852,0.29
161,1992,1498,71904,0.19
93,1988,856131,17978751,0.26
159,206,1509,33198,0.35
158,1147,1501,12008,0.36
44,1394,971901,40819842,0.36
100,274,528461,21666901,0.12
160,1186,2003,20030,0.24
88,331,653149,10450384,0.37
83,1752,455359,27321540,0.16
73,28,323197,3555167,0.37
3,1451,274628,15653796,0.2
162,1544,1501,64543,0.34
161,689,1503,15030,0.24
158,1084,1501,42028,0.1
161,783,1504,82720,0.21
61,1718,954022,11448264,0.43
138,1995,86179,3964234,0.42
125,1177,877773,50910834,0.13
44,1413,225245,4054410,0.28
160,538,1998,13986,0.12
124,913,525141,21005640,0.22
160,1861,1998,107892,0.31
93,708,287193,2584737,0.2
149,1260,286569,3725397,0.28
29,465,772696,16226616,0.24
144,223,280468,12621060,0.35
159,660,1508,45240,0.35
158,659,1501,78052,0.21
7,1986,347446,10423380,0.15
16,155,283689,8226981,0.49
158,1408,1504,52640,0.27
74,1427,302822,6662084,0.29
158,1324,1504,24064,0.46
162,421,1500,57000,0.38
48,504,416739,21670428,0.37
102,1834,95773,5746380,0.43
126,305,777177,10880478,0.39
69,13,350624,14024960,0.5
67,482,498137,20423617,0.25
48,1489,751716,9772308,0.37
83,19,375379,19519708,0.36
161,811,1504,87232,0.25
159,999,1515,54540,0.21
7,710,610900,6109000,0.39
139,1562,562994,27023712,0.21
31,1492,487180,21923100,0.37
53,665,174898,9444492,0.35
25,260,857933,20590392,0.32
160,1055,2001,32016,0.36
160,1008,2000,98000,0.42
49,2,746778,42566346,0.18
40,1587,486581,11677944,0.4
159,430,1512,37800,0.48
99,1680,165655,6791855,0.23
32,1731,365045,21537655,0.4
160,1719,1994,67796,0.23
10,1266,823496,24704880,0.49
161,1987,1504,10528,0.23
83,1388,467633,7949761,0.3
155,506,556472,19476520,0.39
70,1077,514683,25734150,0.11
159,1419,1506,27108,0.35
161,528,1501,87058,0.48
107,1665,73774,3614926,0.29
93,257,323662,8091550,0.12
94,1462,635572,31778600,0.42
162,931,1500,15000,0.46
63,850,546288,31138416,0.2
160,803,2001,94047,0.35
162,800,1498,38948,0.44
75,602,622316,5600844,0.13
159,1506,1510,55870,0.42
37,909,796236,43792980,0.12
52,1497,534660,4277280,0.22
81,230,231391,7173121,0.15
158,1168,1502,13518,0.1
159,1596,1512,40824,0.35
159,1612,1513,31773,0.37
140,971,518108,13988916,0.2
109,1503,223295,3572720,0.21
159,825,1507,45210,0.29
78,1989,974887,17547966,0.13
67,1457,628829,18864870,0.21
159,1368,1507,24112,0.27
159,125,1505,37625,0.34
152,1399,211940,9961180,0.19
124,421,143603,5456914,0.47
142,1853,160198,3524356,0.42
160,1087,2004,114228,0.34
89,559,659690,29686050,0.17
159,201,1509,7545,0.24
72,923,966029,6762203,0.36
162,965,1501,13509,0.42
158,777,1510,34730,0.19
17,1575,97108,2233484,0.35
73,1678,994313,35795268,0.12
161,436,1500,72000,0.39
105,384,308589,5554602,0.26
68,1903,820424,13126784,0.13
98,824,739799,42168543,0.47
159,518,1506,54216,0.4
145,1656,195495,1759455,0.43
88,338,25714,745706,0.42
74,1008,884717,43351133,0.35
83,1486,657433,12491227,0.33
159,773,1510,40770,0.16
159,1466,1511,84616,0.11
161,599,1509,72432,0.11
41,282,587493,30549636,0.23
118,1740,517965,10877265,0.37
29,100,832024,48257392,0.45
162,378,1500,27000,0.15
109,1114,464233,11141592,0.21
10,1220,633966,8241558,0.45
103,979,423394,19899518,0.27
160,1554,1996,9980,0.46
16,480,675834,25005858,0.12
160,146,2000,106000,0.39
72,1070,87394,2621820,0.25
162,1716,1501,39026,0.41
160,1793,2001,56028,0.43
158,960,1498,26964,0.17
155,1516,494106,12352650,0.28
18,1161,436008,22236408,0.23
160,768,1998,19980,0.48
159,1425,1509,22635,0.42
111,1147,529234,4233872,0.14
161,564,1503,28557,0.43
8,635,76426,764260,0.2
34,868,269556,2426004,0.37
125,39,713864,19988192,0.32
65,418,812022,9744264,0.2
29,1615,555953,12230966,0.35
161,1817,1500,78000,0.44
44,1810,424549,16557411,0.19
2,995,256704,6160896,0.24
159,1567,1507,28633,0.48
146,1001,442369,14598177,0.31
136,328,933985,24283610,0.44
160,519,1997,23964,0.23
131,690,558191,20653067,0.33
11,1159,172428,1379424,0.43
10,1725,47287,614731,0.35
42,1232,540311,21072129,0.42
160,435,1999,53973,0.22
162,764,1498,44940,0.26
52,1085,181041,3439779,0.1
33,1318,918075,50494125,0.23
158,969,1500,43500,0.12
132,1213,70773,2123190,0.2
129,159,916728,35752392,0.15
160,144,2000,46000,0.4
162,1034,1501,43529,0.31
38,786,961313,40375146,0.19
162,1745,1499,56962,0.28
96,1918,974554,25338404,0.4
56,18,559378,10628182,0.44
158,1707,1499,43471,0.18
130,281,790674,3953370,0.45
88,1330,240289,13696473,0.34
126,39,479622,13429416,0.43
17,383,809682,38864736,0.13
105,896,341151,9893379,0.2
158,462,1503,87174,0.46
58,320,218167,9599348,0.39
69,679,617760,29034720,0.19
161,882,1500,45000,0.45
161,1177,1502,87116,0.24
17,1935,82120,2381480,0.45
158,1559,1500,58500,0.32
108,1646,317013,3170130,0.25
161,1058,1508,12064,0.28
21,566,635456,15886400,0.47
31,982,892722,49992432,0.38
125,360,81202,3491686,0.33
84,1990,545460,9272820,0.45
40,1725,408853,5315089,0.28
131,327,961161,26912508,0.3
150,124,829621,42310671,0.18
158,1050,1501,61541,0.49
159,679,1510,70970,0.33
162,842,1502,15020,0.15
149,1805,508226,11689198,0.2
64,1238,373931,21687998,0.15
139,88,122232,4889280,0.28
158,1828,1498,56924,0.17
42,1461,159555,4148430,0.43
155,624,696364,5570912,0.29
107,425,434920,15657120,0.36
159,361,1506,60240,0.21
158,232,1498,50932,0.39
160,1066,2002,52052,0.17
150,230,524394,16256214,0.37
161,404,1507,40689,0.43
41,267,926522,28722182,0.24
13,1179,105283,2316226,0.12
124,1863,387803,17063332,0.23
160,1971,2002,36036,0.41
74,1083,243261,1946088,0.46
25,849,894200,4471000,0.42
83,1477,51223,717122,0.31
112,400,869111,7821999,0.26
159,260,1503,36072,0.35
81,100,641287,37194646,0.38
2,600,846194,17770074,0.18
106,68,830633,47346081,0.12
162,382,1502,25534,0.25
159,1518,1510,25670,0.48
50,154,38633,1197623,0.17
158,309,1501,87058,0.49
134,836,962150,26940200,0.44
58,1872,132489,2517291,0.41
13,887,621251,10561267,0.16
159,653,1510,84560,0.36
31,1248,402782,6847294,0.3
158,1736,1498,59920,0.28
161,1872,1503,28557,0.46
161,1753,1500,24000,0.19
96,1395,879955,28158560,0.43
159,1028,1513,69598,0.15
37,1266,771032,23130960,0.39
40,113,23804,618904,0.11
75,1335,377118,9805068,0.22
159,1354,1515,68175,0.13
160,1554,2007,10035,0.18
108,1116,468168,27621912,0.38
14,770,493973,17289055,0.15
28,1149,932915,43847005,0.49
161,1833,1497,76347,0.48
160,1747,1998,63936,0.32
77,1381,858860,23189220,0.11
31,1250,802029,27268986,0.3
112,472,729917,20437676,0.21
140,1849,381159,11434770,0.44
94,286,898146,26046234,0.14
4,1294,692213,4845491,0.19
32,643,908390,25434920,0.21
110,418,467893,5614716,0.13
94,1212,741873,43770507,0.24
139,198,893769,8937690,0.24
160,1492,1996,89820,0.2
27,1074,686816,37088064,0.3
7,190,906001,14496016,0.3
132,1679,71621,1647283,0.25
105,1648,109251,3496032,0.15
30,816,929605,25099335,0.2
158,1601,1495,20930,0.28
1,1464,326953,3923436,0.33
55,1735,398810,7976200,0.12
80,1394,639211,26846862,0.32
160,1931,2002,44044,0.24
70,21,62010,930150,0.3
136,634,893184,39300096,0.37
47,606,755580,18889500,0.11
161,135,1498,62916,0.12
159,237,1513,75650,0.22
159,1737,1512,66528,0.48
70,179,262968,4996392,0.48
93,150,139156,1113248,0.1
160,135,1996,83832,0.37
158,1775,1500,81000,0.16
141,1607,384802,6541634,0.24
88,938,197785,5340195,0.22
153,135,88369,3711498,0.38
162,1515,1501,43529,0.35
105,1871,217364,4129916,0.3
162,1091,1499,35976,0.19
162,697,1496,38896,0.25
160,475,2000,36000,0.11
159,772,1515,9090,0.39
161,1802,1497,86826,0.19
55,318,295916,7101984,0.34
160,1873,1999,21989,0.16
94,1197,723101,43386060,0.13
84,1277,911405,50127275,0.14
161,1229,1505,88795,0.41
150,1315,102937,5764472,0.32
106,719,530740,10084060,0.2
27,1314,349972,10499160,0.18
161,171,1502,63084,0.42
120,1023,817568,20439200,0.29
15,831,954038,26713064,0.4
98,1968,181888,10731392,0.27
161,1897,1497,43413,0.29
110,1299,71905,3595250,0.45
26,938,8735,235845,0.2
158,1068,1499,44970,0.15
159,930,1507,63294,0.46
160,1651,2001,112056,0.26
66,1410,420974,20206752,0.21
116,1910,820422,33637302,0.45
162,1468,1503,16533,0.41
161,1160,1499,34477,0.44
108,91,1218,34104,0.23
159,1388,1507,25619,0.1
87,726,467363,19161883,0.13
148,913,676711,27068440,0.44
81,1932,748325,25443050,0.24
123,1015,362959,6170303,0.34
57,226,766754,22235866,0.25
158,369,1501,42028,0.22
139,1095,805844,20951944,0.26
23,207,903776,45188800,0.33
108,949,854591,49566278,0.36
137,200,792729,6341832,0.41
121,928,678108,8815404,0.12
29,1854,90802,4812506,0.16
162,1318,1497,82335,0.37
161,1380,1503,45090,0.26
105,707,845184,39723648,0.47
100,1656,873517,7861653,0.47
160,1948,1997,85871,0.16
53,473,216322,5408050,0.34
131,1353,115505,693030,0.3
77,1412,579744,9275904,0.35
159,21,1511,22665,0.34
158,607,1503,67635,0.33
41,86,455605,24602670,0.39
158,1535,1502,18024,0.34
159,339,1511,25687,0.35
161,1093,1498,19474,0.37
104,1587,406971,9767304,0.5
147,1728,570229,33643511,0.46
35,1057,893987,17879740,0.46
149,1001,552570,18234810,0.15
158,1297,1496,76296,0.35
9,31,182596,9494992,0.14
160,485,1996,31936,0.22
22,947,860004,14620068,0.37
145,1043,813896,33369736,0.13
99,505,497125,10936750,0.48
162,286,1504,43616,0.29
73,165,851801,34923841,0.37
30,520,183327,8433042,0.38
160,1632,2001,78039,0.15
155,1148,372998,3729980,0.16
14,561,682882,18437814,0.34
154,1620,50233,803728,0.37
13,1721,487469,12186725,0.3
36,1995,746300,34329800,0.19
133,978,126700,2660700,0.33
162,743,1503,72144,0.3
88,672,895911,18814131,0.43
41,751,395773,11477417,0.26
161,1984,1500,19500,0.38
86,1159,549629,4397032,0.49
160,979,1998,93906,0.24
12,1284,236664,12306528,0.22
113,1411,823689,15650091,0.41
162,1127,1498,41944,0.44
153,1074,847047,45740538,0.11
91,1077,556368,27818400,0.1
153,1911,505914,13153764,0.35
161,930,1503,63126,0.42
0,924,23861,214749,0.43
136,1597,826213,39658224,0.14
160,175,1999,45977,0.37
36,69,441025,12348700,0.13
158,571,1496,25432,0.48
31,466,616449,23425062,0.43
27,1963,403743,5248659,0.25
91,944,910579,28227949,0.48
100,791,788083,12609328,0.4
116,842,607786,6077860,0.31
110,605,113656,4546240,0.29
158,625,1499,44970,0.42
159,111,1507,72336,0.22
43,307,986273,18739187,0.38
133,1329,293686,1468430,0.41
60,1295,810386,13776562,0.23
55,1226,307949,5851031,0.19
160,124,1998,101898,0.18
160,1900,2004,116232,0.38
30,1793,358755,10045140,0.33
162,823,1496,53856,0.39
143,229,717094,12907692,0.46
5,1257,877302,15791436,0.2
120,136,916135,11909755,0.19
159,258,1508,81432,0.36
158,1601,1497,20958,0.13
159,409,1508,13572,0.38
43,1797,38763,775260,0.36
61,1273,31616,663936,0.38
65,1086,830658,24089082,0.44
158,1291,1498,34454,0.18
35,878,837605,28478570,0.48
159,318,1508,36192,0.23
34,551,862326,19833498,0.15
106,1718,839061,10068732,0.44
161,1581,1500,52500,0.4
112,1574,932324,20511128,0.16
16,1499,743000,26748000,0.28
162,1664,1501,39026,0.27
5,774,581379,10464822,0.18
161,686,1499,25483,0.2
141,377,488626,13192902,0.49
89,1509,233087,13985220,0.12
81,1312,402405,5231265,0.26
159,183,1510,33220,0.13
123,1662,872785,12218990,0.42
9,45,485846,9231074,0.45
73,11,435777,14816418,0.41
106,1416,232584,10233696,0.21
95,1764,36874,1069346,0.49
136,736,810952,23517608,0.17
86,1526,454846,13645380,0.16
52,234,956022,16252374,0.16
161,1832,1504,90240,0.38
162,330,1503,67635,0.15
56,471,448008,13440240,0.45
14,1709,611584,4892672,0.32
159,1027,1509,79977,0.32
55,1245,500502,5005020,0.34
109,1924,471387,27811833,0.27
37,1535,794577,9534924,0.39
123,748,701325,32260950,0.4
95,1208,316255,4743825,0.3
84,533,543797,13594925,0.34
162,834,1503,45090,0.2
126,1869,242644,6308744,0.12
54,1231,142756,7280556,0.4
10,1073,253003,5060060,0.19
158,339,1501,25517,0.32
81,624,419553,3356424,0.16
46,358,674686,35758358,0.34
23,1949,75155,2104340,0.22
96,636,465356,9772476,0.3
162,1072,1499,55463,0.16
158,265,1504,25568,0.42
160,1461,2002,52052,0.49
160,1202,2004,70140,0.17
153,485,907979,14527664,0.25
91,1885,780552,36685944,0.13
161,624,1499,11992,0.39
131,1315,973951,54541256,0.17
18,1417,760446,18250704,0.19
45,1904,139541,7256132,0.33
76,1199,609567,5486103,0.32
130,262,120101,3002525,0.49
102,536,105584,2006096,0.22
41,1958,727656,43659360,0.17
40,436,841131,40374288,0.3
159,1575,1504,34592,0.18
77,1928,718226,16519198,0.29
162,156,1501,57038,0.38
134,203,979797,12737361,0.38
162,142,1503,45090,0.46
158,270,1504,67680,0.31
105,1417,303643,7287432,0.39
162,1226,1501,28519,0.25
137,1257,534991,9629838,0.11
162,1705,1496,62832,0.37
162,624,1503,12024,0.24
115,936,282013,14100650,0.22
160,950,2001,52026,0.14
160,1176,2000,56000,0.39
99,1054,709586,3547930,0.29
13,385,471506,16502710,0.5
162,705,1503,33066,0.26
160,623,1996,49900,0.12
87,1140,12515,300360,0.23
91,1822,850969,26380039,0.42
113,195,541362,8120430,0.27
117,739,216421,6276209,0.14
162,688,1497,70359,0.13
94,1261,479553,13907037,0.14
11,476,561390,6175290,0.32
40,1269,798623,20764198,0.17
123,1587,46046,1105104,0.26
128,51,153049,4438421,0.24
159,203,1510,19630,0.38
160,1935,1996,57884,0.15
98,470,722919,5783352,0.16
160,755,1997,49925,0.14
160,913,2003,80120,0.5
1,1522,751780,17290940,0.23
40,1421,204946,1434622,0.1
55,1176,651083,18230324,0.36
29,1161,746421,38067471,0.13
162,142,1499,44970,0.27
35,1942,391096,9386304,0.34
161,1658,1507,40689,0.11
160,1551,2003,116174,0.26
68,1130,305779,10396486,0.36
73,1211,109679,2412938,0.16
160,1533,2000,66000,0.3
159,1056,1508,42224,0.17
24,839,814741,39922309,0.34
88,1210,653280,16985280,0.42
153,1733,106352,4573136,0.27
70,1506,91659,3391383,0.29
161,1766,1497,44910,0.41
85,1452,576393,21902934,0.12
161,1943,1499,26982,0.28
39,1391,226635,10198575,0.12
126,1834,704229,42253740,0.11
134,591,434178,24748146,0.26
17,1215,552813,17137203,0.31
16,576,231232,4624640,0.2
49,1682,998538,56916666,0.34
85,331,248826,3981216,0.15
158,1516,1505,37625,0.1
150,1188,450716,2704296,0.16
90,1674,830590,19934160,0.4
158,1342,1500,51000,0.24
160,394,2007,90315,0.48
137,1925,965233,41505019,0.29
132,1589,118295,7097700,0.31
81,1468,828916,9118076,0.44
160,1539,1998,35964,0.28
138,1991,613421,23923419,0.29
101,474,821346,4106730,0.29
54,894,509560,19872840,0.14
160,1343,2002,86086,0.19
160,1138,1999,51974,0.4
151,231,762015,5334105,0.17
138,533,64808,1620200,0.25
58,1662,974170,13638380,0.26
162,1783,1502,37550,0.39
130,1087,596080,33976560,0.43
110,869,211674,4445154,0.2
151,1956,44804,672060,0.1
99,434,98719,987190,0.49
159,1048,1509,15090,0.47
158,1280,1501,69046,0.32
159,687,1510,9060,0.19
161,1670,1499,41972,0.29
160,1360,2002,86086,0.32
23,75,901421,19831262,0.4
161,746,1501,45030,0.26
159,443,1510,72480,0.32
12,539,11519,357089,0.3
72,1146,291790,7586540,0.4
30,160,282469,7061725,0.16
143,1714,230843,6925290,0.47
50,504,67471,3508492,0.46
161,1429,1500,70500,0.22
131,1021,204907,2458884,0.13
160,1930,1996,117764,0.21
158,1349,1500,37500,0.4
43,422,603580,4225060,0.45
162,954,1505,36120,0.34
26,1948,940106,40424558,0.35
75,1804,261997,15195826,0.49
160,428,2003,56084,0.22
159,1617,1508,70876,0.19
48,474,215203,1076015,0.41
53,174,683635,19141780,0.16
112,434,249152,2491520,0.11
161,1288,1504,72192,0.17
160,874,1994,49850,0.19
160,770,2006,70210,0.17
112,747,769546,35399116,0.47
96,440,409575,18840450,0.29
37,737,484383,2906298,0.32
160,309,1997,115826,0.15
10,1478,369781,11093430,0.19
57,1607,675290,11479930,0.31
16,434,254704,2547040,0.44
78,445,4010,20050,0.18
142,1532,395613,8307873,0.32
162,1087,1502,85614,0.25
29,782,360668,20918744,0.43
57,788,838617,24319893,0.41
35,997,142710,8562600,0.36
5,23,566223,23781366,0.37
119,1134,654722,24224714,0.46
40,1822,369793,11463583,0.45
115,1800,177327,6738426,0.31
158,1546,1498,32956,0.42
153,1770,599661,9594576,0.42
160,589,1999,101949,0.17
90,1700,452862,11774412,0.34
84,716,872036,6976288,0.23
158,1195,1496,14960,0.33
160,1913,2006,12036,0.12
161,1178,1501,42028,0.34
72,761,135861,8151660,0.47
158,1991,1492,58188,0.22
144,1171,734404,4406424,0.43
90,1483,619055,20428815,0.23
160,1795,1999,37981,0.34
40,1121,383635,3836350,0.24
161,1103,1503,27054,0.31
141,3,892754,33031898,0.27
138,335,699103,26565914,0.42
135,58,416135,5409755,0.42
115,646,948201,7585608,0.17
66,1548,685165,17814290,0.4
158,247,1505,31605,0.33
11,1817,183373,9535396,0.29
160,220,2001,50025,0.2
64,1185,521249,5212490,0.4
110,1818,885814,38090002,0.3
103,414,40370,605550,0.26
33,920,248319,11919312,0.36
90,1470,125207,4006624,0.11
34,1873,183303,2016333,0.38
21,751,944337,27385773,0.43
162,830,1498,76398,0.16
148,393,300006,11700234,0.25
160,287,1997,25961,0.22
26,336,656480,12473120,0.12
24,493,824169,24725070,0.14
160,49,2000,104000,0.31
69,785,671104,22817536,0.2
144,1255,711345,27742455,0.42
12,1208,647026,9705390,0.23
73,1721,301506,7537650,0.15
74,1620,378819,6061104,0.45
161,914,1505,39130,0.12
159,186,1508,81432,0.11
159,1882,1513,10591,0.24
161,1059,1498,73402,0.41
93,890,786356,7077204,0.41
74,151,620616,27307104,0.48
72,1368,703323,11253168,0.38
161,1373,1504,33088,0.19
158,765,1500,85500,0.39
51,366,246399,14291142,0.21
26,253,930947,4654735,0.48
141,98,825553,47056521,0.34
138,1355,841145,10934885,0.28
158,664,1497,43413,0.28
159,480,1509,55833,0.42
38,1998,812601,9751212,0.2
117,11,205734,6994956,0.36
86,887,668661,11367237,0.5
84,880,259265,4148240,0.42
69,976,630664,32163864,0.34
23,370,421639,19395394,0.3
162,197,1504,18048,0.2
131,1895,48384,2709504,0.44
103,1289,846283,30466188,0.14
104,1632,754327,29418753,0.45
116,1480,612618,16540686,0.44
118,402,924452,23111300,0.37
158,596,1501,42028,0.48
95,1951,848654,4243270,0.26
4,901,556744,3340464,0.29
3,486,255135,5868105,0.48
78,566,832304,20807600,0.1
161,1539,1498,26964,0.23
114,1448,664906,13298120,0.38
4,1581,37790,1322650,0.42
76,724,899738,6298166,0.38
7,677,853072,15355296,0.22
18,954,842325,20215800,0.44
161,1944,1500,21000,0.42
108,1898,261979,7335412,0.31
160,1592,2004,50100,0.12
141,855,561962,31469872,0.2
159,1561,1510,48320,0.1
43,532,789697,44223032,0.41
159,660,1507,45210,0.41
116,867,502688,25637088,0.5
159,1972,1505,69230,0.23
162,29,1501,39026,0.3
161,772,1497,8982,0.21
162,1531,1504,22560,0.43
160,1771,1999,99950,0.44
162,102,1499,23984,0.36
91,721,890850,20489550,0.31
9,1851,179289,3406491,0.43
133,1089,339811,17670172,0.17
161,659,1501,78052,0.11
158,218,1501,16511,0.46
58,1195,649544,6495440,0.29
122,1850,683226,21863232,0.25
22,1401,345952,2767616,0.34
159,1021,1510,18120,0.11
80,1044,100846,4235532,0.28
161,1713,1499,40473,0.47
11,638,382297,9557425,0.46
2,150,396098,3168784,0.33
8,780,396866,11509114,0.29
140,1499,304972,10978992,0.34
98,316,811911,39783639,0.21
162,1240,1502,49566,0.48
153,1605,803321,16869741,0.25
89,1295,447244,7603148,0.36
161,184,1503,13527,0.22
56,81,200841,3815979,0.49
86,388,989266,12860458,0.42
92,1033,203466,7121310,0.46
109,267,770821,23895451,0.42
160,3,2004,74148,0.38
159,1891,1504,72192,0.5
96,946,150882,4526460,0.12
155,664,80558,2336182,0.21
162,1932,1501,51034,0.23
160,1073,1997,39940,0.44
158,249,1501,7505,0.22
158,1398,1498,16478,0.42
31,159,692595,27011205,0.45
162,1740,1496,31416,0.12
132,1387,983247,58011573,0.44
133,1159,108974,871792,0.27
76,1153,388385,22914715,0.47
4,1556,886331,40771226,0.47
69,91,336866,9432248,0.26
38,174,132013,3696364,0.47
80,1072,65709,2431233,0.47
159,1259,1505,12040,0.28
111,839,95439,4676511,0.44
82,110,819233,16384660,0.42
6,557,198686,8146126,0.33
52,598,42817,1412961,0.29
139,1276,817374,32694960,0.46
28,199,471432,18385848,0.39
20,1737,655445,28839580,0.12
81,1079,667733,18696524,0.46
160,819,1996,117764,0.49
159,1312,1505,19565,0.16
28,699,761927,35810569,0.37
116,1914,476839,27179823,0.42
161,1100,1502,64586,0.34
44,111,70372,3377856,0.21
159,1868,1510,54360,0.35
160,1695,2002,92092,0.37
160,424,2001,100050,0.13
159,944,1506,46686,0.37
158,1245,1503,15030,0.11
158,532,1499,83944,0.25
121,799,621065,16768755,0.4
64,310,142856,4571392,0.44
160,595,2002,16016,0.35
124,308,873106,15715908,0.41
117,751,665204,19290916,0.33
27,1802,665257,38584906,0.18
118,399,105552,5172048,0.22
160,1237,1997,21967,0.31
143,943,354265,9565155,0.29
161,123,1498,23968,0.35
142,569,272578,13628900,0.13
162,1236,1506,43674,0.21
67,212,923503,36016617,0.23
75,1238,807974,46862492,0.19
53,1340,858134,19737082,0.18
159,365,1507,28633,0.38
125,18,943772,17931668,0.48
62,31,286903,14918956,0.38
159,282,1513,78676,0.48
158,825,1497,44910,0.47
85,167,550324,21462636,0.15
81,982,137735,7713160,0.23
159,267,1506,46686,0.48
87,1647,206739,1447173,0.45
151,319,860466,22372116,0.31
109,107,65383,980745,0.12
1,584,36484,2152556,0.48
92,1442,523734,27757902,0.2
8,1051,666435,17993745,0.31
58,543,166560,3497760,0.19
128,1809,728270,19663290,0.15
144,313,937297,51551335,0.11
160,1936,2002,54054,0.45
162,1478,1505,45150,0.3
112,917,163900,5244800,0.19
100,1208,345873,5188095,0.47
160,1283,2004,10020,0.44
18,1778,58961,1297142,0.25
159,1486,1505,28595,0.38
9,521,425132,3401056,0.24
20,664,971184,28164336,0.15
34,3,902018,33374666,0.37
159,1780,1513,42364,0.4
162,131,1503,22545,0.24
162,426,1506,9036,0.31
44,1420,828973,47251461,0.4
3,1294,59326,415282,0.39
45,305,739961,10359454,0.42
22,1483,612847,20223951,0.48
162,1466,1500,84000,0.49
141,846,612847,13482634,0.13
18,489,858989,6012923,0.48
136,1921,213723,6625413,0.21
101,1476,682953,12976107,0.28
162,486,1497,34431,0.29
158,1396,1504,81216,0.26
105,1037,369609,6652962,0.39
74,1189,835196,7516764,0.46
160,1971,2003,36054,0.26
162,1811,1499,53964,0.41
153,1512,658851,19765530,0.33
160,1802,2000,116000,0.19
23,832,661057,7271627,0.1
98,867,995046,50747346,0.29
103,1037,32033,576594,0.49
129,1571,285473,9135136,0.46
107,1508,496597,15891104,0.28
45,1404,988645,28670705,0.18
52,1648,548144,17540608,0.49
12,1453,846525,24549225,0.41
146,1009,185129,4813354,0.37
74,1176,14942,418376,0.32
162,1514,1506,24096,0.37
99,983,135546,3388650,0.28
153,808,214656,4937088,0.39
158,1953,1500,78000,0.33
12,367,705109,20448161,0.29
158,1154,1497,38922,0.11
159,1788,1509,24144,0.49
158,651,1500,69000,0.4
160,888,1998,107892,0.11
160,698,2001,10005,0.41
46,1639,992932,58582988,0.48
158,1975,1502,43558,0.44
161,179,1501,28519,0.44
161,1390,1499,64457,0.28
118,1336,776801,45054458,0.18
148,1785,619329,3096645,0.19
162,84,1500,10500,0.24
52,1143,329112,9544248,0.38
158,410,1498,13482,0.36
124,459,49705,1441445,0.33
68,1005,299060,8971800,0.37
21,1223,666265,19987950,0.47
56,1369,915996,46715796,0.13
10,494,646348,18744092,0.38
149,1222,708483,40383531,0.23
82,613,845166,49019628,0.12
138,971,548704,14815008,0.48
115,769,216975,10631775,0.33
161,1655,1501,61541,0.48
142,1868,688174,24774264,0.48
109,1952,693636,35375436,0.45
62,1993,489933,8328861,0.48
147,1706,874156,28847148,0.36
53,1112,603179,3015895,0.35
159,1486,1507,28633,0.48
128,555,678020,20340600,0.11
162,431,1499,10493,0.28
24,1505,739546,8874552,0.48
158,18,1505,28595,0.31
36,1354,940862,42338790,0.26
160,1570,1997,73889,0.45
159,488,1505,28595,0.43
87,1751,297670,8930100,0.18
104,440,519573,23900358,0.42
150,1291,96409,2217407,0.21
158,795,1497,40419,0.48
1,744,473477,12310402,0.45
161,1722,1501,90060,0.28
161,1854,1501,79553,0.45
161,340,1500,37500,0.15
15,1525,289500,14764500,0.28
133,1824,339763,5775971,0.45
121,1457,792498,23774940,0.44
44,1632,654156,25512084,0.29
162,582,1502,34546,0.26
44,1387,5694,335946,0.19
84,1347,277276,1386380,0.21
147,491,641109,5769981,0.47
63,1233,124982,749892,0.31
132,1363,871363,47924965,0.32
10,1127,912230,25542440,0.12
157,245,640366,19210980,0.27
16,984,847558,50005922,0.47
162,1956,1506,22590,0.36
86,157,985914,26619678,0.42
83,1527,199913,5197738,0.16
84,1913,461075,2766450,0.44
101,418,61314,735768,0.3
160,278,2002,18018,0.27
161,107,1500,22500,0.26
50,228,163118,9460844,0.4
161,898,1501,7505,0.47
129,1950,492652,22661992,0.18
66,1255,302218,11786502,0.21
4,864,49840,2442160,0.45
83,455,297612,8035524,0.41
121,136,72163,938119,0.12
98,1175,305952,10096416,0.44
46,655,45086,1668182,0.31
33,814,142961,6290284,0.41
74,343,760654,22058966,0.43
14,740,133872,3346800,0.31
24,1012,414817,14518595,0.34
161,1287,1502,54072,0.36
159,231,1512,10584,0.39
159,22,1510,36240,0.47
159,139,1510,60400,0.46
18,1226,699197,13284743,0.29
57,1905,945616,26477248,0.13
53,368,133617,4008510,0.24
24,1531,162865,2442975,0.36
27,1502,368715,11061450,0.49
85,1562,843119,40469712,0.12
112,1018,695559,16693416,0.43
157,1024,208104,5410704,0.27
159,143,1514,28766,0.41
160,1916,2002,12012,0.15
143,992,681168,14304528,0.31
162,432,1500,13500,0.17
56,1686,907865,4539325,0.34
160,1126,2006,22066,0.13
161,1974,1502,75100,0.18
158,362,1500,33000,0.46
68,79,613612,3068060,0.11
161,1126,1502,16522,0.46
158,1917,1499,59960,0.2
161,514,1505,40635,0.13
5,353,757592,6818328,0.14
162,1631,1499,56962,0.22
129,1469,795079,7950790,0.23
149,1859,32704,425152,0.16
72,951,778489,41259917,0.3
159,1617,1506,70782,0.17
161,1555,1497,80838,0.5
87,384,846322,15233796,0.5
91,653,261779,14659624,0.25
73,760,367758,10297224,0.17
81,1035,963891,15422256,0.2
118,1733,371047,15955021,0.48
23,1378,111595,6360915,0.12
153,1075,53452,2993312,0.14
158,1998,1498,17976,0.18
46,8,536183,7506562,0.12
162,819,1500,88500,0.29
113,259,500691,15020730,0.3
117,1767,470874,10359228,0.46
115,588,959089,31649937,0.35
158,14,1495,61295,0.25
159,173,1511,16621,0.21
25,889,918807,46859157,0.38
8,1330,548899,31287243,0.1
71,1682,388962,22170834,0.27
41,1976,563596,12962708,0.13
158,1044,1496,62832,0.41
80,585,552903,29856762,0.29
160,1004,2005,118295,0.23
53,721,989612,22761076,0.12
158,586,1504,16544,0.41
162,903,1499,85443,0.13
115,758,620379,5583411,0.29
92,1965,471104,10835392,0.41
110,1424,690464,10356960,0.21
0,1572,240827,11318869,0.4
52,1296,776638,21745864,0.24
160,1264,1998,15984,0.31
28,1008,216928,10629472,0.35
54,1665,297727,14588623,0.23
162,780,1504,43616,0.29
89,753,584707,33328299,0.16
158,895,1501,39026,0.2
162,167,1496,58344,0.44
162,320,1498,65912,0.12
159,170,1509,21126,0.3
114,1558,118265,3311420,0.11
57,1259,670120,5360960,0.22
128,1868,685898,24692328,0.29
160,1564,2001,92046,0.41
79,1996,815085,43199505,0.14
120,466,739743,28110234,0.32
27,947,125186,2128162,0.41
162,380,1497,74850,0.42
85,781,85254,3495414,0.39
132,1395,989057,31649824,0.35
160,1057,1997,39940,0.45
158,1971,1500,27000,0.2
158,1987,1507,10549,0.4
49,1473,105063,2206323,0.15
161,1738,1501,28519,0.24
142,646,94252,754016,0.2
159,775,1509,28671,0.46
109,1454,107098,1392274,0.47
113,1383,479998,13919942,0.24
159,1557,1509,15090,0.39
129,116,505859,17705065,0.16
135,1707,979146,28395234,0.16
158,650,1497,32934,0.22
8,516,316638,6016122,0.21
158,1014,1498,22470,0.39
150,1974,240746,12037300,0.33
152,36,395368,9488832,0.27
27,536,429587,8162153,0.27
41,317,103290,1136190,0.17
159,42,1514,52990,0.38
68,584,312687,18448533,0.17
66,1749,32327,1293080,0.34
95,896,601372,17439788,0.23
159,769,1505,73745,0.25
159,156,1509,57342,0.44
101,1068,409403,12282090,0.19
134,862,695273,17381825,0.4
159,1657,1511,45330,0.16
78,341,470214,28212840,0.13
136,34,960827,16334059,0.27
45,229,821747,14791446,0.26
160,348,2002,90090,0.3
56,106,589140,30635280,0.33
51,1128,124672,3989504,0.42
117,1643,305661,4279254,0.28
67,463,743836,7438360,0.44
159,1664,1507,39182,0.46
161,1330,1498,85386,0.28
94,144,809445,18617235,0.17
159,1279,1512,27216,0.31
159,628,1510,10570,0.1
162,532,1500,84000,0.15
162,208,1497,76347,0.39
162,341,1502,90120,0.28
125,1299,537757,26887850,0.41
162,606,1500,37500,0.27
158,1676,1500,15000,0.42
36,390,45466,591058,0.24
31,1,290090,4351350,0.3
86,149,122938,4917520,0.31
153,1218,457053,4113477,0.4
17,1875,178430,1784300,0.18
65,1481,864296,12964440,0.46
162,995,1507,36168,0.41
62,1537,551725,4965525,0.28
39,943,635307,17153289,0.16
141,304,31543,441602,0.11
55,353,921031,8289279,0.12
153,236,231491,4629820,0.43
68,437,144305,4762065,0.45
95,892,765999,22213971,0.47
145,2,901154,51365778,0.27
159,1455,1509,90540,0.48
28,53,858262,24031336,0.25
122,1135,391624,21930944,0.24
133,166,524240,3145440,0.13
6,1326,100957,3634452,0.3
162,1487,1500,57000,0.26
85,1894,783462,35255790,0.19
54,99,661745,23161075,0.17
5,1069,35398,1203532,0.43
159,398,1506,58734,0.42
139,1797,763136,15262720,0.38
44,1839,319122,17551710,0.46
31,1995,528641,24317486,0.14
49,888,238110,12857940,0.31
25,1773,285282,14834664,0.41
158,950,1501,39026,0.17
4,972,379564,5313896,0.19
26,729,297023,4455345,0.24
69,1363,161982,8909010,0.28
131,57,892554,39272376,0.43
62,1185,70689,706890,0.3
137,1855,773078,20873106,0.47
64,976,834131,42540681,0.4
160,1028,2006,92276,0.47
54,663,726896,42159968,0.1
50,1557,497073,4970730,0.24
69,1392,935943,15911031,0.29
92,707,802333,37709651,0.27
130,1079,81824,2291072,0.26
160,1248,2001,34017,0.47
114,1456,247803,1734621,0.47
159,920,1507,72336,0.15
160,1917,1999,79960,0.36
162,389,1501,87058,0.18
62,196,640005,12160095,0.14
89,1117,260916,12263052,0.12
63,1461,562470,14624220,0.31
161,1280,1502,69092,0.21
156,1152,359147,12929292,0.28
14,1495,513196,12316704,0.18
90,1505,131827,1581924,0.12
161,1631,1506,57228,0.35
120,536,622762,11832478,0.25
79,1524,237362,3797792,0.39
159,776,1511,61951,0.13
34,681,581122,13946928,0.1
162,1548,1503,39078,0.2
65,1828,695763,26438994,0.38
140,428,435067,12181876,0.2
89,651,387740,17836040,0.48
52,851,631821,18322809,0.46
68,43,990346,50507646,0.15
71,1493,812220,12995520,0.34
161,1142,1502,61582,0.4
159,1577,1511,52885,0.11
147,1199,905190,8146710,0.27
158,994,1498,44940,0.24
33,1465,215342,4522182,0.26
70,1626,164768,9721312,0.21
162,1148,1503,15030,0.5
127,825,993176,29795280,0.28
114,927,705692,14113840,0.42
160,627,1997,99850,0.25
135,81,7877,149663,0.45
25,1494,573083,29800316,0.27
160,1807,1997,51922,0.13
158,1169,1500,22500,0.29
109,1682,96030,5473710,0.12
158,6,1504,24064,0.18
104,944,893751,27706281,0.35
113,148,118602,5218488,0.33
3,1813,567545,5675450,0.13
107,1126,104946,1154406,0.45
73,1315,551284,30871904,0.47
158,28,1498,16478,0.15
161,1020,1503,81162,0.35
43,216,859700,38686500,0.36
90,1239,541566,27078300,0.47
32,1219,390572,13279448,0.35
110,1980,92659,1760521,0.49
80,1608,602821,35566439,0.42
46,843,867392,23419584,0.26
162,1723,1502,46562,0.11
160,525,1997,53919,0.47
35,1662,645868,9042152,0.11
33,583,273047,7099222,0.45
160,636,2000,42000,0.41
161,1048,1495,14950,0.42
72,924,588218,5293962,0.15
97,1793,472376,13226528,0.42
140,1274,349616,19228880,0.49
158,53,1498,41944,0.33
105,1180,505043,22726935,0.31
67,685,854595,24783255,0.28
33,748,684186,31472556,0.22
81,1322,563733,29877849,0.39
8,494,810832,23514128,0.38
61,1628,151094,1510940,0.24
160,1014,1996,29940,0.42
92,608,298999,5082983,0.26
109,1838,476979,5723748,0.17
162,315,1499,8994,0.41
20,1921,832346,25802726,0.18
48,714,968246,54221776,0.47
25,1257,923987,16631766,0.17
159,554,1510,90600,0.18
162,1329,1498,7490,0.19
82,1775,112264,6062256,0.26
15,1502,687259,20617770,0.33
158,1489,1507,19591,0.49
101,521,394754,3158032,0.33
158,474,1496,7480,0.15
160,552,1999,83958,0.34
61,1987,52720,369040,0.46
9,1621,298259,6263439,0.28
161,160,1501,37525,0.28
14,1897,838998,24330942,0.15
160,768,1999,19990,0.45
99,612,324746,12665094,0.12
78,1655,298236,12227676,0.24
160,706,2002,36036,0.38
162,58,1496,19448,0.3
69,4,965923,48296150,0.42
159,534,1515,48480,0.17
162,125,1499,37475,0.15
75,1311,951381,26638668,0.18
158,79,1497,7485,0.45
61,1609,447638,6266932,0.13
83,457,496645,19865800,0.38
145,900,30772,553896,0.48
52,339,117544,1998248,0.33
148,187,516014,4128112,0.35
28,1395,435084,13922688,0.28
161,621,1505,33110,0.36
131,1431,169012,3380240,0.45
13,68,767914,43771098,0.17
102,985,589136,17674080,0.28
14,442,942090,16957620,0.15
128,1641,496029,18849102,0.41
44,1406,254986,5864678,0.32
131,1014,572507,8587605,0.26
161,781,1497,61377,0.47
149,983,209422,5235550,0.14
161,35,1495,61295,0.26
162,1360,1496,64328,0.11
125,1790,523619,13614094,0.48
155,1106,444033,16873254,0.15
8,1107,777370,4664220,0.46
91,1915,530892,21235680,0.47
162,900,1501,27018,0.32
161,1034,1503,43587,0.18
40,3,202603,7496311,0.27
123,551,514713,11838399,0.49
116,841,680687,16336488,0.38
162,702,1502,34546,0.25
161,1489,1502,19526,0.18
161,1467,1501,37525,0.34
96,1799,230904,5079888,0.35
121,374,258653,7500937,0.27
78,244,589352,21216672,0.38
162,1565,1496,34408,0.21
162,475,1501,27018,0.16
51,572,230086,11734386,0.21
160,1143,2000,58000,0.11
160,1487,2001,76038,0.47
14,192,145158,4499898,0.27
7,171,137538,5776596,0.27
10,1609,501580,7022120,0.22
122,1300,308779,9263370,0.27
52,1756,511765,26611780,0.31
123,1101,530234,30223338,0.12
160,1103,1997,35946,0.35
7,518,54541,1963476,0.39
72,817,95751,957510,0.17
159,1935,1511,43819,0.34
25,1072,147173,5445401,0.3
102,488,440159,8363021,0.11
147,1572,345562,16241414,0.41
159,103,1504,85728,0.33
58,358,220752,11699856,0.4
158,1499,1498,53928,0.3
119,495,211869,5720463,0.33
160,1241,2000,50000,0.26
14,272,546928,26799472,0.39
158,1609,1504,21056,0.1
161,1404,1502,43558,0.38
53,919,105759,634554,0.16
162,1498,1501,75050,0.12
158,998,1500,54000,0.31
158,521,1502,12016,0.35
96,1299,349279,17463950,0.36
51,883,839130,41117370,0.43
28,1666,90271,2437317,0.28
162,1499,1503,54108,0.43
160,1695,2002,92092,0.23
159,841,1510,36240,0.24
135,1482,917030,7336240,0.36
110,299,72759,3492432,0.41
132,253,728390,3641950,0.17
161,1966,1507,40689,0.39
160,646,1997,15976,0.12
22,1260,861509,11199617,0.35
114,1409,257372,2831092,0.11
36,1095,578211,15033486,0.2
77,1806,938156,15010496,0.24
99,1608,228934,13507106,0.14
81,1370,117963,2949075,0.14
86,1638,454068,19524924,0.38
90,668,806652,26619516,0.17
34,834,35843,1075290,0.28
29,1845,683500,4784500,0.36
160,219,2004,66132,0.22
11,664,838915,24328535,0.47
158,1695,1501,69046,0.38
160,1938,2003,28042,0.17
107,1073,267840,5356800,0.18
158,308,1501,27018,0.38
80,1343,646743,27809949,0.34
161,1428,1500,25500,0.24
147,1836,562962,23081442,0.29
45,1046,966750,57038250,0.14
58,165,539332,22112612,0.34
32,1822,490299,15199269,0.13
101,212,735789,28695771,0.15
161,1793,1504,42112,0.13
162,1387,1498,88382,0.48
162,249,1497,7485,0.4
159,968,1507,75350,0.46
158,491,1505,13545,0.48
138,806,461477,4614770,0.27
144,1411,710131,13492489,0.14
113,435,695454,18777258,0.36
161,159,1504,58656,0.46
158,957,1495,65780,0.23
159,1418,1506,22590,0.31
105,13,503813,20152520,0.21
37,1311,863425,24175900,0.47
160,849,2002,10010,0.3
159,0,1512,71064,0.48
139,1245,794057,7940570,0.43
27,1766,371412,11142360,0.41
69,1150,839945,20158680,0.44
2,1694,851077,11915078,0.22
23,1023,502922,12573050,0.39
158,1743,1493,77636,0.11
123,1681,586815,6454965,0.34
159,1040,1508,73892,0.19
152,829,479109,5270199,0.19
145,456,448945,13019405,0.28
2,1914,725256,41339592,0.41
122,1460,584556,30396912,0.44
121,1705,165738,6960996,0.2
107,456,953303,27645787,0.36
49,1947,386391,20478723,0.13
160,237,2001,100050,0.45
162,374,1503,43587,0.14
123,682,80771,484626,0.42
161,1630,1503,33066,0.14
3,404,528170,14260590,0.15
40,100,158349,9184242,0.31
124,1179,792772,17440984,0.22
156,1955,616303,5546727,0.19
7,250,582787,4662296,0.33
108,242,545051,18531734,0.2
123,804,144144,7207200,0.2
160,382,2000,34000,0.34
52,1016,517253,24310891,0.39
104,813,732131,18303275,0.21
161,1556,1497,68862,0.41
63,1584,636595,18461255,0.46
36,702,86253,1983819,0.26
158,214,1499,8994,0.3
160,1306,2000,74000,0.14
162,648,1499,43471,0.27
127,993,436560,13096800,0.24
66,457,542771,21710840,0.15
117,95,595419,12503799,0.41
10,1585,782848,9394176,0.47
40,1586,512933,5129330,0.32
2,1884,180055,5581705,0.3
156,1474,201873,5652444,0.16
6,240,275989,11591538,0.16
162,1548,1498,38948,0.46
30,139,480636,19225440,0.39
115,549,954866,23871650,0.46
154,1472,753020,41416100,0.21
142,1949,604784,16933952,0.43
12,1000,241214,10372202,0.42
5,1217,84943,1359088,0.39
161,1428,1501,25517,0.17
69,10,10368,528768,0.34
17,246,973283,32118339,0.21
89,1936,955788,25806276,0.15
158,339,1493,25381,0.35
126,1898,245117,6863276,0.49
162,339,1496,25432,0.31
161,515,1503,33066,0.16
159,198,1511,15110,0.45
43,856,266320,6924320,0.14
13,1647,199701,1397907,0.28
36,1283,45610,228050,0.39
75,1060,510931,9707689,0.38
59,482,803298,32935218,0.5
81,787,941427,24477102,0.48
27,226,72172,2092988,0.26
98,1345,176549,2118588,0.45
111,375,192377,2116147,0.21
3,1326,441420,15891120,0.36
162,757,1500,39000,0.49
58,1769,23652,1206252,0.44
160,536,1999,37981,0.49
112,1247,561746,22469840,0.26
28,478,435547,14808598,0.22
44,1696,220898,6626940,0.4
144,1790,260947,6784622,0.1
78,764,794132,23823960,0.34
147,1663,363845,4002295,0.47
161,333,1503,24048,0.38
159,872,1507,18084,0.11
121,375,40522,445742,0.42
106,1065,852783,31552971,0.44
105,1757,374595,11612445,0.35
161,1902,1504,48128,0.3
161,30,1504,39104,0.44
120,1091,26477,635448,0.12
48,1904,811165,42180580,0.28
60,645,297586,8927580,0.37
130,1026,74131,518917,0.22
52,1448,823888,16477760,0.45
4,913,65572,2622880,0.19
162,504,1504,78208,0.19
4,378,178741,3217338,0.4
34,1899,886904,20398792,0.16
126,73,854988,35909496,0.39
155,1935,793447,23009963,0.4
133,789,96302,1059322,0.19
45,1642,603578,12071560,0.45
106,942,935674,52397744,0.17
24,22,754838,18116112,0.35
113,1436,738527,29541080,0.18
57,807,10554,432714,0.15
108,1763,769418,4616508,0.47
49,319,338176,8792576,0.3
10,550,690373,40732007,0.42
155,868,18863,169767,0.41
126,1507,68952,1999608,0.17
146,268,326434,7834416,0.13
161,1483,1499,49467,0.18
72,1607,890318,15135406,0.15
79,478,767505,26095170,0.3
31,296,306940,12584540,0.26
46,641,858075,34323000,0.41
127,719,173897,3304043,0.32
161,1588,1495,70265,0.29
48,420,929075,28801325,0.28
159,654,1507,70829,0.14
89,1539,452063,8137134,0.28
116,1072,346484,12819908,0.14
76,914,926711,24094486,0.48
52,1485,99108,5450940,0.43
159,1117,1511,71017,0.25
20,1735,812242,16244840,0.26
126,174,893557,25019596,0.46
55,1646,134818,1348180,0.25
161,987,1496,55352,0.46
14,95,80754,1695834,0.3
140,1630,892278,19630116,0.41
162,1441,1495,50830,0.22
70,1618,434217,11723859,0.47
138,900,531791,9572238,0.25
123,371,747878,7478780,0.4
83,1012,282277,9879695,0.19
63,60,65343,3855237,0.27
70,1451,155852,8883564,0.41
161,1335,1499,38974,0.45
118,736,963451,27940079,0.44
161,709,1495,19435,0.28
123,216,164351,7395795,0.47
86,1379,795021,7155189,0.48
75,1231,519256,26482056,0.27
161,738,1504,19552,0.29
97,1348,998600,34951000,0.38
24,819,930818,54918262,0.5
155,1077,991303,49565150,0.44
137,456,127037,3684073,0.17
17,1387,8336,491824,0.19
159,918,1514,36336,0.25
161,430,1501,37525,0.24
154,1704,526775,20017450,0.14
161,1901,1503,43587,0.19
38,115,94344,1132128,0.14
160,143,1993,37867,0.32
113,1826,161481,968886,0.46
41,1261,972398,28199542,0.36
110,292,615589,20314437,0.39
84,881,952043,28561290,0.46
67,816,72584,1959768,0.22
159,1254,1511,80083,0.44
79,294,566706,14167650,0.11
160,1240,2001,66033,0.4
5,1056,536013,15008364,0.13
158,493,1496,44880,0.5
117,1226,517642,9835198,0.42
61,600,991527,20822067,0.18
159,1491,1514,87812,0.38
19,1137,826422,24792660,0.21
160,1299,2003,100150,0.28
68,1380,953705,28611150,0.48
162,184,1501,13509,0.12
162,826,1496,40392,0.4
160,467,2002,12012,0.39
160,67,2002,22022,0.26
87,1573,940033,6580231,0.15
160,452,2000,120000,0.12
149,1168,954817,8593353,0.46
162,1978,1500,61500,0.21
93,1117,843085,39624995,0.11
106,1176,816725,22868300,0.12
159,473,1511,37775,0.49
123,1910,970382,39785662,0.2
10,577,739125,16999875,0.24
64,1513,432632,20766336,0.18
162,18,1501,28519,0.5
9,513,785758,7071822,0.15
158,547,1501,12008,0.38
5,1868,923861,33258996,0.26
158,1894,1498,67410,0.44
100,545,121736,3530344,0.45
74,1748,646209,9693135,0.33
56,108,957365,28720950,0.26
155,1612,565810,11882010,0.36
59,1565,296170,6811910,0.11
162,263,1497,40419,0.21
158,1310,1501,16511,0.21
129,1534,796531,39030019,0.26
129,1364,445350,2672100,0.15
54,1296,842919,23601732,0.4
162,1116,1498,88382,0.21
41,1299,718767,35938350,0.13
137,1655,206412,8462892,0.21
162,1780,1499,41972,0.24
9,390,884789,11502257,0.34
159,1161,1517,77367,0.16
26,101,188844,4154568,0.16
13,162,765412,41332248,0.15
60,766,831688,46574528,0.22
99,1184,456466,25562096,0.12
45,1870,143649,2154735,0.43
158,1764,1502,43558,0.18
112,794,228811,2288110,0.13
145,1964,526177,14206779,0.3
62,1817,206060,10715120,0.23
160,1383,2003,58087,0.29
117,420,143353,4443943,0.35
74,1706,296881,9797073,0.26
43,1133,832828,18322216,0.16
8,900,537582,9676476,0.39
25,1610,891364,46350928,0.4
161,528,1505,87290,0.41
71,1862,943362,14150430,0.26
100,713,436208,19629360,0.38
101,1736,555537,22221480,0.11
114,1333,330166,11555810,0.38
101,1141,207742,12464520,0.25
100,1946,214570,6222530,0.24
7,1117,182152,8561144,0.4
37,1207,981616,55952112,0.16
153,5,140262,4909170,0.29
84,838,12236,391552,0.35
144,1882,591531,4140717,0.4
83,1714,180937,5428110,0.19
161,801,1497,26946,0.2
20,1682,26398,1504686,0.21
60,714,479335,26842760,0.28
82,466,526563,20009394,0.19
99,1539,674080,12133440,0.39
19,881,948342,28450260,0.2
32,23,932111,39148662,0.44
77,1459,514761,11324742,0.42
161,338,1500,43500,0.47
139,1187,628887,37733220,0.38
162,207,1503,75150,0.22
127,1236,63596,1844284,0.49
159,1257,1510,27180,0.17
93,1973,39480,197400,0.2
162,1418,1500,22500,0.21
162,1181,1501,66044,0.43
41,1356,764216,9170592,0.31
31,910,532406,27685112,0.42
21,1484,271074,14095848,0.43
162,601,1501,45030,0.29
101,144,573772,13196756,0.28
15,931,253412,2534120,0.18
161,1241,1503,37575,0.24
160,353,1998,17982,0.5
53,1614,978597,51865641,0.18
160,455,2002,54054,0.2
160,205,1998,27972,0.2
47,966,717427,29414507,0.38
21,631,66809,2805978,0.31
44,1103,661772,11911896,0.43
85,1647,36259,253813,0.39
63,452,979855,58791300,0.15
29,755,541581,13539525,0.43
162,1612,1500,31500,0.15
158,1550,1501,45030,0.23
159,647,1507,43703,0.15
158,483,1505,10535,0.41
159,894,1509,58851,0.1
158,1554,1501,7505,0.42
146,1612,368704,7742784,0.43
106,653,764190,42794640,0.35
162,1880,1498,32956,0.22
22,53,224124,6275472,0.21
140,1620,617999,9887984,0.11
12,1115,247192,10629256,0.21
161,128,1505,54180,0.25
60,1497,499230,3993840,0.29
161,1584,1501,43529,0.22
52,255,496990,25843480,0.27
162,1009,1502,39052,0.39
161,1825,1500,30000,0.37
159,9,1509,18108,0.49
15,461,390994,5082922,0.11
121,1438,484982,22309172,0.22
161,1025,1498,26964,0.29
160,949,2001,116058,0.35
155,153,805435,33022835,0.48
50,1736,892261,35690440,0.49
25,1443,843092,46370060,0.12
102,0,622419,29253693,0.45
162,278,1497,13473,0.39
12,912,602089,17460581,0.29
159,1766,1510,45300,0.1
93,698,530994,2654970,0.13
80,35,364008,14924328,0.41
46,1519,93215,3169310,0.25
160,575,2001,30015,0.13
162,890,1502,13518,0.18
158,1659,1507,25619,0.21
46,1432,300640,16234560,0.31
29,1115,985008,42355344,0.2
110,222,346143,6230574,0.22
81,456,828339,24021831,0.22
5,1253,265838,12494386,0.27
72,1235,351213,3160917,0.44
161,275,1501,88559,0.31
23,119,297624,13393080,0.41
90,1025,92203,1659654,0.45
161,925,1501,90060,0.28
75,691,326081,17282293,0.34
24,82,632902,22784472,0.3
135,1223,918105,27543150,0.45
160,1113,1997,103844,0.32
153,1636,325648,6187312,0.35
61,403,353718,9196668,0.16
85,491,898630,8087670,0.26
128,167,1214,47346,0.22
28,671,458760,26149320,0.13
34,215,494235,3459645,0.33
159,930,1507,63294,0.37
162,8,1505,21070,0.38
87,1391,729159,32812155,0.44
59,1483,190773,6295509,0.38
38,1,397803,5967045,0.46
44,1697,651469,31921981,0.49
160,149,1998,79920,0.26
39,1740,336286,7062006,0.13
158,1879,1497,22455,0.39
111,891,212202,7002666,0.44
25,102,573773,9180368,0.24
160,543,1998,41958,0.3
160,1893,2002,44044,0.13
68,1494,146147,7599644,0.45
62,1866,760943,39569036,0.37
160,8,2002,28028,0.49
116,895,584658,15201108,0.3
4,238,42728,854560,0.27
160,265,2000,34000,0.24
96,355,296316,10371060,0.48
87,1496,520171,20286669,0.27
158,120,1502,60080,0.34
162,1164,1502,81108,0.36
69,869,298032,6258672,0.29
162,673,1501,46531,0.34
161,1182,1504,34592,0.18
23,1425,637449,9561735,0.12
161,117,1508,72384,0.19
162,990,1503,21042,0.25
157,238,490997,9819940,0.31
161,1673,1502,27036,0.21
20,162,858132,46339128,0.39
111,1495,739500,17748000,0.38
50,265,662248,11258216,0.47
59,1728,48561,2865099,0.11
134,633,415934,6239010,0.36
161,1948,1504,64672,0.29
36,470,866264,6930112,0.44
160,10,1996,101796,0.45
46,17,759872,15197440,0.44
159,28,1511,16621,0.49
158,1732,1498,19474,0.16
8,1340,113284,2605532,0.29
158,483,1501,10507,0.43
161,595,1496,11968,0.2
138,1442,662275,35100575,0.19
32,169,815908,20397700,0.43
64,1219,898116,30535944,0.12
162,1964,1498,40446,0.28
143,1108,103919,1039190,0.28
33,727,702953,33038791,0.49
75,1359,316457,16455764,0.17
66,1126,192032,2112352,0.24
160,1941,1998,91908,0.21
15,269,986730,9867300,0.24
80,136,687057,8931741,0.37
160,1226,2001,38019,0.19
20,226,938368,27212672,0.24
160,1626,2002,118118,0.16
114,1222,903357,51491349,0.35
160,1740,2002,42042,0.17
1,165,889600,36473600,0.29
149,41,86940,695520,0.41
126,1756,351357,18270564,0.32
140,1224,21659,606452,0.1
158,781,1497,61377,0.47
159,841,1512,36288,0.4
73,1464,642433,7709196,0.48
29,346,518263,5182630,0.21
160,1573,2000,14000,0.37
158,1311,1499,41972,0.24
53,715,689865,21385815,0.26
32,1330,120234,6853338,0.43
40,811,287187,16656846,0.2
51,564,842484,16007196,0.13
162,1107,1496,8976,0.33
161,1157,1503,40581,0.17
24,931,393932,3939320,0.44
142,1742,731521,25603235,0.31
65,420,298158,9242898,0.5
160,1901,1994,57826,0.23
32,959,610803,3664818,0.29
108,1774,6155,338525,0.23
53,1927,717210,33708870,0.1
52,1187,543072,32584320,0.23
91,489,478064,3346448,0.24
148,1932,564649,19198066,0.26
153,1004,101429,5984311,0.33
38,962,701624,18943848,0.18
158,1413,1498,26964,0.21
12,16,524205,24637635,0.2
161,276,1501,49533,0.4
19,1755,927234,49143402,0.37
161,259,1500,45000,0.45
159,93,1515,90900,0.47
160,822,2000,80000,0.4
38,1700,734008,19084208,0.21
156,629,614703,23973417,0.13
161,1311,1500,42000,0.45
89,340,334379,8359475,0.3
27,1304,983439,27536292,0.45
157,774,398725,7177050,0.28
51,1462,471262,23563100,0.19
119,1449,561777,24156411,0.46
161,12,1499,19487,0.15
12,370,826915,38038090,0.19
109,1311,341334,9557352,0.31
87,1356,410227,4922724,0.46
120,1024,656298,17063748,0.25
125,493,115946,3478380,0.12
72,1622,400059,10401534,0.3
49,1486,110200,2093800,0.26
90,1301,685750,35659000,0.32
102,126,936553,34652461,0.47
35,1226,876899,16661081,0.25
65,297,344569,9647932,0.49
162,649,1499,56962,0.24
107,973,935869,13102166,0.15
56,504,219850,11432200,0.18
158,1763,1501,9006,0.31
160,1704,1998,75924,0.34
57,1520,305269,8547532,0.22
46,924,988514,8896626,0.41
46,1791,883285,21198840,0.23
118,384,572499,10304982,0.49
147,1397,767221,41429934,0.35
75,433,835357,11694998,0.23
16,1711,480917,7213755,0.2
159,1987,1514,10598,0.13
160,161,2005,44110,0.48
33,1762,831048,11634672,0.24
162,830,1500,76500,0.16
162,1941,1496,68816,0.16
25,617,91489,1280846,0.17
143,542,455782,15496588,0.22
162,1516,1503,37575,0.45
43,1515,998971,28970159,0.31
160,457,1999,79960,0.31
110,324,471388,13198864,0.13
162,227,1499,8994,0.21
138,1547,141979,2271664,0.47
160,412,1997,59910,0.22
19,192,487697,15118607,0.12
4,863,938551,13139714,0.4
100,418,907701,10892412,0.22
4,647,444229,12882641,0.21
62,1229,774688,45706592,0.22
123,882,158650,4759500,0.43
159,238,1509,30180,0.46
88,1335,158585,4123210,0.25
124,265,494257,8402369,0.45
129,1438,335082,15413772,0.41
162,337,1499,38974,0.26
34,629,329639,12855921,0.38
63,1769,552018,28152918,0.41
62,369,792909,22201452,0.11
86,501,410113,3280904,0.13
26,105,273014,7371378,0.47
153,793,528838,10576760,0.13
93,754,899955,51297435,0.34
9,1336,226477,13135666,0.29
95,1633,31695,412035,0.42
61,1639,894931,52800929,0.47
157,1135,839528,47013568,0.38
11,738,728079,9465027,0.13
62,571,215854,3669518,0.39
130,1362,933126,33592536,0.4
95,1566,490649,8341033,0.24
159,1944,1505,21070,0.3
49,1988,382792,8038632,0.24
158,273,1499,13491,0.23
93,1633,881580,11460540,0.27
158,1567,1502,28538,0.25
23,1937,891805,32996785,0.38
92,450,317037,17754072,0.19
17,197,191852,2302224,0.46
158,572,1504,76704,0.22
26,1109,171346,4626342,0.12
159,294,1511,37775,0.35
90,175,166786,3836078,0.42
77,1940,383480,5752200,0.47
162,417,1501,45030,0.48
158,1789,1508,81432,0.15
18,520,407067,18725082,0.17
159,1263,1511,18132,0.23
161,1314,1493,44790,0.12
16,1085,194049,3686931,0.39
161,1700,1498,38948,0.16
161,450,1503,84168,0.31
160,1267,1998,17982,0.14
76,1267,721948,6497532,0.48
123,1673,56420,1015560,0.28
158,1538,1498,10486,0.33
94,742,247595,5694685,0.49
90,762,251495,4526910,0.13
144,50,4589,59657,0.41
159,491,1510,13590,0.23
160,1111,1999,47976,0.43
159,538,1507,10549,0.34
121,80,2170,117180,0.22
60,851,748052,21693508,0.15
19,524,786347,46394473,0.45
124,1370,147168,3679200,0.28
102,183,228784,5033248,0.49
160,86,2000,108000,0.34
158,325,1501,37525,0.33
162,69,1501,42028,0.14
158,130,1498,13482,0.28
158,351,1501,27018,0.17
158,1741,1497,80838,0.31
2,187,490718,3925744,0.34
42,51,742968,21546072,0.42
24,1796,848722,5941054,0.24
162,401,1506,76806,0.23
161,1201,1504,42112,0.46
70,1364,175507,1053042,0.46
1,996,922023,33192828,0.46
160,1949,2003,56084,0.47
158,1597,1501,72048,0.18
6,889,758530,38685030,0.47
117,900,751159,13520862,0.24
162,122,1507,64801,0.28
24,1500,581681,17450430,0.28
128,506,19772,692020,0.23
86,586,789385,8683235,0.21
1,573,582195,34349505,0.23
161,717,1497,71856,0.11
161,94,1505,60200,0.28
58,1809,832026,22464702,0.32
71,971,837513,22612851,0.3
161,1674,1499,35976,0.35
116,1657,390199,11705970,0.32
23,708,693455,6241095,0.43
33,1235,767858,6910722,0.31
154,282,471941,24540932,0.48
89,394,165629,7453305,0.46
98,628,666712,4666984,0.47
154,1160,628776,14461848,0.12
17,1613,855153,25654590,0.29
72,1517,134580,1076640,0.27
69,1165,217711,10232417,0.4
160,405,1998,61938,0.11
99,779,100799,5947141,0.29
160,1441,2005,68170,0.1
149,366,170682,9899556,0.26
0,115,216009,2592108,0.21
161,1573,1500,10500,0.41
152,436,778827,37383696,0.44
160,718,2003,118177,0.12
125,186,78227,4224258,0.27
159,667,1502,33044,0.22
162,1497,1500,12000,0.49
159,128,1508,54288,0.13
103,928,879959,11439467,0.5
160,994,1999,59970,0.28
109,1796,20149,141043,0.1
135,968,395845,19792250,0.29
76,52,540572,16217160,0.37
159,115,1510,18120,0.29
162,529,1504,21056,0.31
162,1519,1500,51000,0.42
29,484,859959,29238606,0.29
14,1086,897388,26024252,0.35
160,1382,2001,100050,0.47
48,1597,93157,4471536,0.42
136,1220,785888,10216544,0.37
92,1175,775564,25593612,0.26
159,1286,1502,25534,0.29
162,1090,1499,44970,0.48
26,1479,917394,7339152,0.19
162,1967,1500,78000,0.33
86,357,146373,8343261,0.17
159,1838,1508,18096,0.19
159,358,1511,80083,0.43
155,451,74091,963183,0.11
66,737,539788,3238728,0.43
153,1989,188438,3391884,0.14
162,1243,1498,16478,0.24
89,1692,275099,16230841,0.45
160,1240,1997,65901,0.45
58,300,892867,15178739,0.44
158,176,1501,64543,0.46
72,1656,407134,3664206,0.18
160,275,2000,118000,0.21
106,523,970529,28145341,0.45
78,1829,795766,15915320,0.46
161,1206,1503,13527,0.11
162,526,1502,46562,0.32
93,980,927423,21330729,0.36
159,1301,1510,78520,0.42
134,303,815803,5710621,0.29
56,709,348432,4529616,0.43
1,1530,349724,18185648,0.22
159,547,1511,12088,0.22
159,213,1506,61746,0.28
71,1004,577549,34075391,0.4
49,1529,71008,1633184,0.31
44,1438,966006,44436276,0.25
159,1986,1514,45420,0.33
104,1582,537926,32275560,0.14
88,31,307920,16011840,0.4
98,1441,450203,15306902,0.22
160,1702,2002,98098,0.14
158,603,1503,10521,0.19
160,1106,2003,76114,0.48
160,492,1998,107892,0.34
126,1390,286432,12316576,0.31
77,673,652373,20223563,0.48
162,1655,1500,61500,0.13
89,1312,916412,11913356,0.24
57,1096,557388,2786940,0.16
85,1175,991728,32727024,0.5
122,176,439870,18914410,0.16
160,1799,2002,44044,0.27
159,1709,1511,12088,0.24
37,1031,182318,8021992,0.32
26,207,789923,39496150,0.22
160,195,2001,30015,0.28
28,695,675303,3376515,0.43
64,1650,643939,5151512,0.36
158,1446,1498,89880,0.23
8,642,108456,3145224,0.12
158,641,1497,59880,0.36
146,105,35081,947187,0.39
8,1658,76651,2069577,0.17
23,443,591818,28407264,0.28
65,1359,96876,5037552,0.25
74,1957,520073,7281022,0.29
9,721,287448,6611304,0.15
71,143,410090,7791710,0.27
26,1308,64048,2882160,0.49
162,1841,1503,42084,0.44
160,1209,2002,44044,0.4
27,916,765215,37495535,0.45
89,1309,453065,8608235,0.2
162,332,1500,66000,0.33
61,1691,745007,10430098,0.24
79,574,359063,10771890,0.26
160,320,2002,88088,0.33
83,1409,240373,2644103,0.26
78,1981,842799,44668347,0.35
159,167,1512,58968,0.39
159,274,1504,61664,0.19
118,336,73305,1392795,0.23
159,1797,1511,30220,0.31
119,841,124843,2996232,0.37
108,1003,67194,940716,0.48
160,1363,2001,110055,0.3
4,1968,734760,43350840,0.37
123,854,569015,17070450,0.1
145,1367,67956,1495032,0.39
103,1129,919519,38619798,0.44
87,353,895644,8060796,0.42
132,677,712601,12826818,0.18
86,818,28853,1558062,0.47
134,720,612008,14688192,0.12
82,917,542400,17356800,0.41
69,1507,890123,25813567,0.49
133,157,666665,17999955,0.23
44,1520,913036,25565008,0.35
161,349,1501,58539,0.16
141,1135,416582,23328592,0.3
162,1024,1498,38948,0.18
161,1338,1504,81216,0.16
91,469,271067,15450819,0.47
160,1658,1998,53946,0.17
42,1239,895758,44787900,0.26
51,698,519106,2595530,0.25
161,1863,1499,65956,0.42
48,1974,333596,16679800,0.3
158,153,1506,61746,0.2
162,325,1506,37650,0.28
7,1691,668737,9362318,0.32
34,926,872091,13081365,0.3
81,1408,842764,29496740,0.4
59,1986,646073,19382190,0.16
72,1300,223983,6719490,0.25
15,1933,205072,3486224,0.19
29,1487,812621,30879598,0.33
139,1436,97228,3889120,0.15
68,1209,637598,14027156,0.48
26,756,665587,13311740,0.2
158,957,1501,66044,0.41
158,1076,1501,19513,0.47
125,1778,320959,7061098,0.22
7,88,534331,21373240,0.26
159,549,1513,37825,0.28
21,132,71525,643725,0.33
35,1397,404814,21859956,0.37
56,1486,754150,14328850,0.42
162,747,1498,68908,0.45
115,946,3800,114000,0.29
51,323,91897,1837940,0.37
161,1865,1501,10507,0.28
158,498,1500,45000,0.36
159,1738,1510,28690,0.17
32,767,465740,19095340,0.22
17,372,12418,273196,0.48
13,1002,553088,24335872,0.49
162,617,1495,20930,0.48
70,243,325949,2607592,0.41
161,210,1503,81162,0.47
89,1463,658141,13820961,0.34
160,98,2005,114285,0.44
82,278,748547,6736923,0.39
80,549,832895,20822375,0.48
158,1315,1501,84056,0.4
158,372,1499,32978,0.15
37,678,894249,5365494,0.22
162,447,1507,70829,0.32
159,168,1511,40797,0.44
87,602,84893,764037,0.35
7,1377,191649,3066384,0.26
9,87,590571,21260556,0.13
103,1842,680687,31992289,0.5
54,589,436472,22260072,0.31
8,852,974201,28251829,0.34
161,1670,1503,42084,0.3
112,1518,141218,2400706,0.49
110,1632,274423,10702497,0.14
58,633,317101,4756515,0.13
32,1248,775319,13180423,0.4
102,1111,101311,2431464,0.34
161,1850,1499,47968,0.22
56,568,638870,14694010,0.46
66,315,187481,1124886,0.33
127,369,178766,5005448,0.43
158,1758,1497,56886,0.41
58,1904,741287,38546924,0.29
36,1806,785702,12571232,0.45
72,1358,720780,25948080,0.48
162,630,1501,70547,0.13
151,1931,769629,16931838,0.29
35,967,953311,4766555,0.26
158,1894,1503,67635,0.35
113,815,779428,9353136,0.49
159,657,1505,61705,0.49
143,61,502797,18603489,0.32
64,285,907157,6350099,0.19
162,917,1502,48064,0.34
149,1729,363007,18513357,0.48
87,1631,589526,22401988,0.36
159,264,1510,66440,0.47
162,601,1498,44940,0.33
157,932,135155,3919495,0.4
158,1654,1502,27036,0.46
80,209,857919,34316760,0.2
124,841,302421,7258104,0.45
57,1690,312777,11885526,0.37
65,152,542406,5424060,0.13
155,823,712787,25660332,0.42
113,1341,39170,1449290,0.14
2,633,423429,6351435,0.19
79,39,812181,22741068,0.5
140,460,59963,2878224,0.15
75,1422,411175,3700575,0.26
143,4,487678,24383900,0.21
55,612,904029,35257131,0.35
161,1996,1500,79500,0.14
121,1813,239882,2398820,0.45
83,635,490150,4901500,0.24
113,1225,735844,21339476,0.35
82,1067,819768,23773272,0.24
0,1885,809029,38024363,0.38
161,960,1502,27036,0.3
123,724,787767,5514369,0.41
124,65,846605,14392285,0.11
117,183,160155,3523410,0.34
61,913,551645,22065800,0.43
160,1945,2002,10010,0.34
151,539,907622,28136282,0.44
14,1652,257951,15219109,0.27
36,799,37843,1021761,0.34
52,1040,369387,18099963,0.18
91,816,768008,20736216,0.28
97,810,283347,6233634,0.5
130,1652,224450,13242550,0.15
68,427,344588,11371404,0.48
78,1091,421443,10114632,0.43
161,677,1506,27108,0.34
136,95,368183,7731843,0.46
50,1031,23641,1040204,0.5
92,956,245610,4175370,0.25
64,238,484413,9688260,0.38
161,794,1503,15030,0.32
89,1406,737406,16960338,0.45
161,405,1496,46376,0.42
152,693,77988,2339640,0.18
162,1627,1500,13500,0.47
18,724,707384,4951688,0.22
39,1947,652640,34589920,0.1
41,480,94899,3511263,0.18
33,1357,666819,34007769,0.37
159,51,1508,43732,0.3
7,600,171048,3592008,0.26
38,1402,496062,4464558,0.45
111,470,295187,2361496,0.47
16,165,297175,12184175,0.36
158,953,1499,53964,0.19
160,1457,2000,60000,0.29
158,1805,1496,34408,0.15
44,466,991388,37672744,0.3
127,783,796985,43834175,0.32
146,642,150165,4354785,0.49
108,916,893805,43796445,0.25
161,1006,1500,16500,0.34
45,1881,43852,833188,0.11
26,285,11572,81004,0.5
59,1187,282306,16938360,0.27
109,1349,473460,11836500,0.16
140,1491,796423,46192534,0.46
25,1410,324216,15562368,0.15
160,1354,2000,90000,0.3
159,839,1513,74137,0.32
125,860,152830,3820750,0.17
92,1204,186708,2613912,0.37
143,162,418602,22604508,0.17
24,1197,241458,14487480,0.11
130,1074,681079,36778266,0.43
72,687,289590,1737540,0.44
159,1083,1509,12072,0.18
65,479,15309,566433,0.49
160,1817,1998,103896,0.25
127,412,798402,23952060,0.23
158,364,1500,58500,0.35
26,817,245488,2454880,0.41
147,1588,674768,31714096,0.38
162,102,1500,24000,0.46
57,1442,334275,17716575,0.25
2,316,903993,44295657,0.46
162,80,1500,81000,0.46
91,1091,180830,4339920,0.42
84,1901,86842,2518418,0.32
156,1351,19725,1163775,0.19
158,377,1502,40554,0.13
19,1436,56554,2262160,0.44
138,1351,863572,50950748,0.44
159,322,1509,25653,0.19
10,1238,556555,32280190,0.17
62,1494,940183,48889516,0.43
160,1612,2001,42021,0.19
5,239,205649,3496033,0.27
48,141,702365,15452030,0.36
49,300,385258,6549386,0.24
10,1640,143476,8465084,0.35
161,1155,1503,10521,0.11
160,1877,2004,38076,0.37
80,1507,257859,7477911,0.43
116,1181,728004,32032176,0.15
121,390,471375,6127875,0.48
141,1232,227260,8863140,0.41
4,299,498421,23924208,0.31
27,45,642984,12216696,0.22
156,1844,349341,15720345,0.33
24,1679,573726,13195698,0.48
43,919,180804,1084824,0.1
78,139,777712,31108480,0.27
130,4,727590,36379500,0.48
99,46,41691,2001168,0.33
158,951,1500,79500,0.34
161,301,1494,26892,0.1
2,1179,969553,21330166,0.45
140,351,475929,8566722,0.19
11,33,458795,17893005,0.42
162,326,1502,25534,0.47
16,1036,717668,22247708,0.37
39,429,841469,32817291,0.2
158,426,1498,8988,0.36
51,1022,437471,9186891,0.23
130,1689,342448,10273440,0.38
62,1911,805556,20944456,0.18
42,1196,612460,17148880,0.29
125,522,7373,147460,0.44
162,261,1501,46531,0.24
60,8,990662,13869268,0.17
158,941,1499,37475,0.15
159,1332,1507,40689,0.16
19,381,59928,1797840,0.19
124,1273,545092,11446932,0.12
161,1052,1502,88618,0.48
16,1556,407183,18730418,0.49
58,1433,839196,20979900,0.41
159,1728,1508,88972,0.36
160,122,1994,85742,0.19
40,901,546141,3276846,0.48
61,234,261355,4443035,0.46
142,1665,990061,48512989,0.32
159,1065,1510,55870,0.36
105,107,107557,1613355,0.25
158,1193,1501,18012,0.49
159,289,1510,42280,0.41
96,1303,654075,32049675,0.3
17,1941,94498,4346908,0.2
161,1873,1506,16566,0.41
147,251,533999,13349975,0.31
22,1,18772,281580,0.39
95,914,406937,10580362,0.23
162,1889,1494,85158,0.46
158,1640,1495,88205,0.37
13,561,395300,10673100,0.26
161,49,1502,78104,0.49
161,1100,1501,64543,0.23
69,1842,239890,11274830,0.41
17,407,429756,21487800,0.35
153,1285,541082,2705410,0.31
162,1380,1495,44850,0.14
60,1135,694535,38893960,0.46
159,1699,1507,36168,0.36
158,102,1494,23904,0.22
22,1313,255167,3317171,0.25
51,1213,765843,22975290,0.39
159,1571,1506,48192,0.48
161,705,1498,32956,0.47
68,528,184714,10713412,0.13
160,1321,1997,115826,0.13
44,1677,297620,15178620,0.47
158,1447,1501,55537,0.47
18,495,725916,19599732,0.48
158,581,1499,35976,0.35
81,1728,499776,29486784,0.35
159,798,1507,51238,0.44
160,219,1998,65934,0.25
22,1694,104700,1465800,0.15
39,512,351288,15456672,0.15
113,1052,922451,54424609,0.4
153,1840,191707,4792675,0.2
48,1457,234129,7023870,0.4
134,1378,868573,49508661,0.15
158,1976,1502,34546,0.43
81,1290,345269,13810760,0.44
61,1613,99894,2996820,0.31
98,745,692249,34612450,0.27
40,1053,743138,3715690,0.28
26,78,68259,1365180,0.17
13,1252,903016,22575400,0.13
85,1764,382649,11096821,0.11
96,177,910707,48267471,0.48
158,1793,1498,41944,0.18
162,690,1501,55537,0.24
159,603,1510,10570,0.28
140,1121,898672,8986720,0.2
161,1267,1498,13482,0.3
13,775,108371,2059049,0.4
110,1765,556148,16684440,0.33
145,1841,659021,18452588,0.46
8,1602,664125,15274875,0.34
128,359,837158,10883054,0.3
160,1155,1996,13972,0.39
35,202,446927,11620102,0.27
151,501,691181,5529448,0.21
40,235,165534,6290292,0.18
159,56,1510,45300,0.36
138,834,833103,24993090,0.27
154,1371,280554,4488864,0.24
159,76,1511,78572,0.47
96,793,777922,15558440,0.32
161,1514,1505,24080,0.45
31,1139,766535,13031095,0.41
31,985,598079,17942370,0.13
2,1142,239251,9809291,0.45
161,1347,1505,7525,0.2
161,1100,1501,64543,0.15
162,297,1500,42000,0.25
159,547,1512,12096,0.1
126,208,476201,24286251,0.44
115,633,251830,3777450,0.17
162,840,1501,61541,0.23
83,783,227215,12496825,0.38
135,349,791201,30856839,0.36
1,849,384447,1922235,0.12
50,314,165347,1818817,0.33
105,1722,557734,33464040,0.23
161,1624,1508,76908,0.33
64,983,936197,23404925,0.12
158,239,1499,25483,0.37
48,55,907761,11800893,0.26
45,337,133595,3473470,0.22
15,1017,201408,6042240,0.5
162,1058,1500,12000,0.31
119,266,65087,2668567,0.3
158,1977,1498,20972,0.17
159,594,1508,58812,0.2
161,508,1497,70359,0.27
36,157,701011,18927297,0.47
161,1528,1503,19539,0.34
36,1943,906156,16310808,0.2
39,261,692884,21479404,0.27
162,1605,1504,31584,0.29
158,181,1500,64500,0.39
160,416,1999,15992,0.41
80,1764,141217,4095293,0.11
161,98,1501,85557,0.29
145,1100,825618,35501574,0.15
162,368,1499,44970,0.29
162,1318,1498,82390,0.16
161,1251,1500,36000,0.25
161,974,1504,37600,0.37
70,1522,100865,2319895,0.12
158,734,1501,28519,0.29
38,1698,131242,7874520,0.11
45,1633,601026,7813338,0.47
82,1004,235295,13882405,0.35
136,733,260474,7814220,0.45
162,1146,1500,39000,0.29
109,331,391434,6262944,0.46
162,329,1504,21056,0.27
65,1393,36273,1523466,0.3
161,1426,1503,30060,0.34
43,1286,966496,16430432,0.15
1,55,641358,8337654,0.34
135,1915,603716,24148640,0.19
73,913,832874,33314960,0.42
160,35,2003,82123,0.49
84,1486,606221,11518199,0.21
152,508,269104,12647888,0.15
159,38,1511,87638,0.33
133,1509,185631,11137860,0.21
138,923,92456,647192,0.21
50,496,77644,1475236,0.16
160,50,1999,25987,0.44
122,1211,199983,4399626,0.49
160,1140,2003,48072,0.13
158,367,1505,43645,0.21
160,1738,2003,38057,0.44
161,1075,1498,83888,0.18
74,1950,646683,29747418,0.21
50,162,760366,41059764,0.22
92,1937,951832,35217784,0.32
99,115,181948,2183376,0.2
161,79,1498,7490,0.26
117,1527,547128,14225328,0.43
79,1848,272890,1637340,0.39
143,1839,85412,4697660,0.32
84,794,250289,2502890,0.35
64,735,210797,2107970,0.12
161,1535,1507,18084,0.31
34,87,991966,35710776,0.11
65,1237,190247,2092717,0.49
72,1811,302676,10896336,0.45
158,1144,1500,24000,0.34
160,1724,2003,102153,0.24
162,1397,1498,80892,0.28
127,1438,983532,45242472,0.48
161,1492,1499,67455,0.15
86,1096,616932,3084660,0.32
124,1799,402578,8856716,0.31
28,1050,688863,28243383,0.11
158,599,1501,72048,0.25
25,1212,723635,42694465,0.34
82,1947,626534,33206302,0.4
162,517,1497,40419,0.44
14,806,630780,6307800,0.3
150,1639,277175,16353325,0.38
159,1207,1509,86013,0.31
130,748,890928,40982688,0.33
142,1505,20058,240696,0.21
160,985,1996,59880,0.43
3,279,560604,15696912,0.37
111,1800,398677,15149726,0.35
158,436,1497,71856,0.1
162,1253,1498,70406,0.34
142,34,855917,14550589,0.49
39,976,620729,31657179,0.25
100,1300,848364,25450920,0.26
44,145,894579,7156632,0.48
127,1315,235412,13183072,0.35
59,1007,686049,14407029,0.31
162,794,1496,14960,0.23
118,984,496374,29286066,0.5
11,643,204306,5720568,0.47
134,318,114503,2748072,0.39
160,1487,2001,76038,0.45
120,760,558627,15641556,0.44
158,686,1499,25483,0.39
123,1828,522116,19840408,0.47
97,1287,930661,33503796,0.46
62,1424,55247,828705,0.45
159,807,1510,61910,0.19
162,652,1502,10514,0.37
159,543,1511,31731,0.47
161,1916,1503,9018,0.19
35,1676,846234,8462340,0.43
40,1033,88237,3088295,0.4
160,118,1996,119760,0.4
160,389,1998,115884,0.29
161,816,1501,40527,0.37
7,820,926644,12046372,0.32
93,1841,170210,4765880,0.17
162,60,1497,88323,0.17
160,1567,2000,38000,0.35
158,1504,1503,40581,0.2
12,1093,571205,7425665,0.13
160,1941,2001,92046,0.31
153,1772,605809,27867214,0.25
144,195,974228,14613420,0.16
161,524,1511,89149,0.14
28,224,615864,4926912,0.19
18,1343,70132,3015676,0.18
37,681,353405,8481720,0.42
34,1441,972620,33069080,0.3
161,1550,1500,45000,0.13
159,89,1513,75650,0.46
159,188,1512,46872,0.46
24,1344,437506,2187530,0.22
162,1315,1499,83944,0.35
162,1298,1502,88618,0.12
31,646,263719,2109752,0.44
72,1370,227590,5689750,0.44
31,624,234201,1873608,0.47
63,535,221058,4200102,0.29
148,1362,706846,25446456,0.17
161,841,1501,36024,0.17
148,323,557373,11147460,0.16
120,1840,392590,9814750,0.21
161,1743,1500,78000,0.42
116,240,114714,4817988,0.46
25,1644,819398,22943144,0.38
161,263,1501,40527,0.33
105,1207,299910,17094870,0.45
162,517,1501,40527,0.14
52,1084,891566,24963848,0.27
154,72,946186,43524556,0.47
160,410,1995,17955,0.19
41,1948,501578,21567854,0.2
140,577,283296,6515808,0.25
161,824,1499,85443,0.29
78,1135,124656,6980736,0.29
30,204,667600,34715200,0.28
159,1832,1504,90240,0.46
161,1046,1505,88795,0.15
117,1815,206633,1859697,0.48
140,927,572236,11444720,0.27
89,695,484362,2421810,0.14
162,1888,1492,14920,0.44
51,763,54932,1208504,0.11
160,1732,1997,25961,0.2
49,343,875211,25381119,0.49
2,1683,549845,31891010,0.2
47,217,132253,7935180,0.34
160,1754,2002,50050,0.23
87,917,878231,28103392,0.17
150,1103,164723,2965014,0.12
107,841,423861,10172664,0.15
162,1323,1501,82555,0.4
93,712,952245,51421230,0.46
96,1201,523101,14646828,0.13
161,188,1504,46624,0.43
11,1508,761699,24374368,0.25
162,1016,1502,70594,0.46
144,192,928185,28773735,0.31
136,1289,938387,33781932,0.34
145,247,220836,4637556,0.12
158,1593,1498,38948,0.11
10,1533,510594,16849602,0.37
161,1591,1502,67590,0.14
8,988,769533,33089919,0.39
160,1321,1998,115884,0.33
159,1438,1505,69230,0.14
158,1911,1500,39000,0.3
32,1441,241117,8197978,0.29
34,530,881004,24668112,0.43
101,1992,878734,42179232,0.28
110,790,164439,8386389,0.36
22,599,729390,35010720,0.5
59,1466,206269,11551064,0.24
13,940,688914,18600678,0.31
7,1984,894688,11630944,0.26
102,977,76835,1306195,0.31
15,1540,214485,6863520,0.31
160,1312,1997,25961,0.37
150,1434,807486,30684468,0.12
57,597,33469,234283,0.47
60,1905,810967,22707076,0.22
159,377,1510,40770,0.15
158,1517,1504,12032,0.44
160,26,1999,85957,0.39
67,1069,836391,28437294,0.38
161,899,1507,78364,0.24
141,1913,213854,1283124,0.23
159,1262,1511,7555,0.17
161,1381,1497,40419,0.17
162,991,1496,14960,0.12
134,401,628212,32038812,0.4
82,1014,34417,516255,0.22
158,832,1500,16500,0.31
80,957,781048,34366112,0.3
40,467,263165,1578990,0.27
162,1738,1504,28576,0.23
161,1215,1501,46531,0.47
158,413,1502,10514,0.14
108,77,837094,12556410,0.45
57,1494,893214,46447128,0.43
149,707,967593,45476871,0.28
160,1611,2004,106212,0.18
45,308,734480,13220640,0.45
127,1489,554822,7212686,0.12
84,1570,68820,2546340,0.29
159,143,1509,28671,0.27
162,511,1500,54000,0.39
114,271,976114,45877358,0.21
75,425,163910,5900760,0.24
145,1181,958752,42185088,0.29
155,1095,898013,23348338,0.22
39,1336,179654,10419932,0.24
158,951,1497,79341,0.38
33,185,878461,12298454,0.14
46,989,147256,1325304,0.16
159,1858,1510,43790,0.19
52,744,686184,17840784,0.35
148,373,812277,7310493,0.46
162,1791,1497,35928,0.27
146,728,648967,15575208,0.19
153,90,122652,7236468,0.15
115,1923,178025,9435325,0.1
161,501,1503,12024,0.45
42,1087,939863,53572191,0.21
9,479,229128,8477736,0.44
42,289,513950,14390600,0.1
51,1857,393864,18905472,0.44
93,1972,517724,23815304,0.37
75,1516,808698,20217450,0.49
161,1000,1502,64586,0.37
70,1968,309940,18286460,0.26
34,499,61558,1785182,0.14
162,289,1497,41916,0.14
62,1460,681014,35412728,0.37
48,1960,971421,43713945,0.21
116,413,5699,39893,0.15
60,727,9794,460318,0.1
161,1410,1501,72048,0.32
2,1182,629862,14486826,0.32
130,1319,413520,4135200,0.33
151,1583,687797,16507128,0.43
116,1309,72733,1381927,0.4
59,997,792021,47521260,0.43
162,1009,1506,39156,0.33
158,1260,1503,19539,0.17
124,1767,778115,17118530,0.14
70,562,911990,21887760,0.18
137,1354,377796,17000820,0.1
46,393,803465,31335135,0.12
160,1428,1998,33966,0.33
39,688,971537,45662239,0.18
82,291,248794,3234322,0.43
85,385,779607,27286245,0.23
54,1639,340986,20118174,0.48
159,1572,1505,70735,0.26
137,258,674315,36413010,0.45
49,1573,972922,6810454,0.25
7,256,711737,3558685,0.49
24,817,578686,5786860,0.4
77,1676,259742,2597420,0.19
46,660,13010,390300,0.17
158,1580,1502,78104,0.3
159,1189,1509,13581,0.19
76,1712,316602,2216214,0.48
159,1527,1509,39234,0.49
120,1151,434391,11728557,0.38
52,607,78040,3511800,0.19
159,438,1508,34684,0.21
64,1742,797706,27919710,0.27
162,1293,1500,73500,0.17
148,1801,943629,43406934,0.23
155,1105,471440,7543040,0.27
123,449,535510,24633460,0.18
106,489,552925,3870475,0.47
161,967,1507,7535,0.4
114,142,527705,15831150,0.32
75,65,676236,11496012,0.32
136,1108,972037,9720370,0.23
158,1720,1500,66000,0.44
120,1003,701751,9824514,0.47
60,1013,949749,18994980,0.42
162,935,1506,54216,0.43
85,1552,250420,3756300,0.43
162,408,1498,43442,0.36
161,294,1504,37600,0.45
159,318,1513,36312,0.15
111,318,847911,20349864,0.22
88,1381,5829,157383,0.46
56,651,351145,16152670,0.45
24,1395,707447,22638304,0.48
28,408,46694,1354126,0.28
28,1427,490229,10785038,0.26
29,738,791100,10284300,0.37
148,359,490295,6373835,0.31
62,47,408192,7347456,0.33
11,651,208774,9603604,0.47
82,1869,961551,25000326,0.28
112,164,654887,17027062,0.18
9,133,579294,22592466,0.45
71,126,420744,15567528,0.13
22,1100,304581,13096983,0.13
158,90,1499,88441,0.2
161,137,1502,34546,0.3
158,1068,1502,45060,0.22
159,751,1506,43674,0.14
39,1793,960264,26887392,0.27
31,897,298703,16727368,0.15
34,1935,447045,12964305,0.26
162,1571,1500,48000,0.36
4,811,552135,32023830,0.26
90,1574,297320,6541040,0.26
116,103,839214,47835198,0.45
118,1605,746484,15676164,0.14
158,706,1501,27018,0.22
142,1122,103510,1552650,0.36
158,1698,1500,90000,0.35
97,511,849765,30591540,0.14
162,983,1496,37400,0.2
34,1405,867057,19942311,0.33
29,1623,796739,40633689,0.45
13,31,584927,30416204,0.2
137,1621,733859,15411039,0.31
71,559,922459,41510655,0.21
88,1460,523724,27233648,0.31
160,1651,1992,111552,0.35
141,1389,989181,27697068,0.44
31,272,969886,47524414,0.13
38,704,887620,17752400,0.44
132,397,351390,10541700,0.13
100,241,418674,25120440,0.43
162,1128,1496,47872,0.4
76,659,621591,32322732,0.3
54,912,106513,3088877,0.14
158,1552,1495,22425,0.46
65,1698,384200,23052000,0.12
57,831,401215,11234020,0.34
126,1661,669023,40141380,0.18
84,263,241077,6509079,0.23
159,565,1513,69598,0.32
11,532,217380,12173280,0.27
64,1366,879155,21978875,0.16
76,1748,475658,7134870,0.15
158,79,1499,7495,0.19
161,586,1503,16533,0.41
153,1641,266497,10126886,0.37
63,1822,29611,917941,0.39
128,1097,9030,361200,0.37
160,1354,2000,90000,0.14
130,1625,960544,13447616,0.27
158,843,1497,40419,0.21
159,772,1509,9054,0.34
53,1151,22933,619191,0.42
72,1804,863494,50082652,0.23
160,1430,2001,96048,0.16
161,859,1498,77896,0.11
8,1639,350937,20705283,0.42
29,719,539608,10252552,0.22
49,1149,698337,32821839,0.28
159,1182,1509,34707,0.34
161,784,1503,55611,0.42
85,566,953160,23829000,0.31
6,258,956909,51673086,0.46
33,947,130037,2210629,0.4
158,1124,1501,27018,0.17
115,1132,990735,27740580,0.45
76,1341,893955,33076335,0.32
12,1546,127815,2811930,0.28
162,740,1503,37575,0.39
159,733,1512,45360,0.14
160,1286,2000,34000,0.48
106,1292,755756,15115120,0.32
91,773,616505,16645635,0.43
159,263,1509,40743,0.14
24,254,858426,32620188,0.22
158,1958,1496,89760,0.27
159,1316,1515,24240,0.44
131,1548,802690,20869940,0.17
159,857,1511,42308,0.12
161,1128,1500,48000,0.25
38,879,912869,31950415,0.48
162,793,1498,29960,0.27
129,1261,347779,10085591,0.22
19,1871,326730,6207870,0.2
159,1789,1509,81486,0.27
45,1016,505481,23757607,0.3
159,525,1510,40770,0.23
120,1294,692329,4846303,0.18
19,1084,537669,15054732,0.35
162,1379,1501,13509,0.3
23,755,45478,1136950,0.5
84,1744,623987,29327389,0.21
147,1859,215543,2802059,0.49
160,871,1997,107838,0.33
158,1292,1502,30040,0.22
114,1158,56305,1182405,0.24
117,632,931104,17690976,0.21
161,1891,1501,72048,0.2
86,1143,782917,22704593,0.3
72,259,764500,22935000,0.22
138,1655,935562,38358042,0.34
159,1702,1509,73941,0.26
113,1607,278149,4728533,0.23
119,988,778008,33454344,0.16
145,256,771895,3859475,0.38
160,778,1998,55944,0.11
3,1822,892422,27665082,0.18
117,1103,704006,12672108,0.47
74,1767,867715,19089730,0.4
119,1014,955280,14329200,0.18
117,974,278328,6958200,0.3
147,1308,852927,38381715,0.41
29,1665,326568,16001832,0.11
109,438,684147,15735381,0.22
157,1509,491325,29479500,0.43
159,1154,1510,39260,0.34
158,1782,1501,43529,0.4
21,718,394394,23269246,0.23
109,757,108855,2830230,0.4
159,1412,1511,24176,0.35
162,1908,1501,79553,0.42
59,1387,242837,14327383,0.49
46,1455,195646,11738760,0.43
56,305,830146,11622044,0.27
159,748,1512,69552,0.46
161,1279,1503,27054,0.26
149,584,242156,14287204,0.37
44,775,677244,12867636,0.13
162,1081,1501,19513,0.3
64,1002,521612,22950928,0.26
131,1531,916129,13741935,0.27
161,358,1501,79553,0.15
158,274,1501,61541,0.25
162,113,1500,39000,0.32
159,1251,1509,36216,0.44
156,865,881423,39664035,0.19
158,1736,1494,59760,0.12
158,1184,1495,83720,0.44
158,455,1502,40554,0.24
122,1480,953496,25744392,0.43
159,508,1509,70923,0.45
30,1409,895549,9851039,0.39
161,37,1501,34523,0.35
103,573,911624,53785816,0.49
120,1976,956752,22005296,0.31
26,232,592997,20161898,0.19
97,1008,675348,33092052,0.41
158,1820,1501,69046,0.1
159,598,1512,49896,0.35
162,1507,1496,43384,0.28
159,1311,1514,42392,0.3
35,1663,588083,6468913,0.22
29,1921,891652,27641212,0.22
160,570,2004,108216,0.11
52,448,818465,22098555,0.42
158,56,1501,45030,0.5
3,111,770943,37005264,0.23
129,1926,703899,22524768,0.35
91,393,409234,15960126,0.24
158,1952,1503,76653,0.39
70,1752,697040,41822400,0.28
20,1740,133887,2811627,0.32
114,1069,663122,22546148,0.14
94,804,956323,47816150,0.32
58,1867,742077,40072158,0.44
42,993,108687,3260610,0.21
110,986,300587,2104109,0.24
39,1309,33115,629185,0.18
161,1235,1503,13527,0.33
162,302,1505,40635,0.46
160,803,1998,93906,0.3
159,1264,1513,12104,0.21
159,1354,1512,68040,0.29
118,1809,202910,5478570,0.11
35,164,819097,21296522,0.3
143,1808,166571,4830559,0.33
46,1993,707061,12020037,0.18
146,357,806974,45997518,0.42
93,844,896156,51080892,0.41
158,1322,1501,79553,0.3
67,214,312578,1875468,0.29
153,1029,947058,48299958,0.23
160,239,2005,34085,0.37
146,644,73350,2053800,0.5
162,100,1499,86942,0.31
120,768,441747,4417470,0.37
34,48,641245,37833455,0.42
117,819,379548,22393332,0.17
158,783,1499,82445,0.17
159,1732,1509,19617,0.11
79,391,625790,33792660,0.47
35,300,118317,2011389,0.19
71,1561,429621,13747872,0.32
161,306,1504,79712,0.22
162,1053,1500,7500,0.43
77,1327,334126,16372174,0.31
39,1328,68081,1702025,0.13
22,324,432252,12103056,0.31
45,1138,640055,16641430,0.16
156,640,439178,6148492,0.18
91,1899,715475,16455925,0.42
158,853,1498,8988,0.14
73,1489,531389,6908057,0.23
98,706,154164,2774952,0.29
128,1615,971848,21380656,0.32
159,599,1509,72432,0.48
161,642,1503,43587,0.38
91,1241,431010,10775250,0.26
25,612,850952,33187128,0.41
106,1705,200446,8418732,0.35
159,1731,1511,89149,0.49
158,1673,1497,26946,0.43
130,18,761400,14466600,0.31
95,62,502646,24629654,0.29
160,752,2004,106212,0.37
162,1668,1503,7515,0.2
159,1694,1506,21084,0.49
159,489,1506,10542,0.17
32,132,931359,8382231,0.24
161,1637,1506,55722,0.26
24,537,591223,31334819,0.36
159,145,1508,12064,0.43
158,829,1492,16412,0.33
161,955,1502,39052,0.17
162,1861,1500,81000,0.35
160,1325,1998,109890,0.21
10,108,114211,3426330,0.48
42,1999,611796,25695432,0.32
56,682,392745,2356470,0.38
10,420,185775,5759025,0.33
160,1482,1999,15992,0.19
162,3,1502,55574,0.25
37,528,781406,45321548,0.29
11,735,695973,6959730,0.36
158,1512,1505,45150,0.32
48,666,576734,10957946,0.47
124,901,536576,3219456,0.21
158,613,1498,86884,0.23
123,1352,504937,14138236,0.24
116,392,385526,5782890,0.2
161,82,1500,54000,0.38
160,395,1997,105841,0.35
37,1976,537232,12356336,0.2
100,158,997038,16949646,0.42
160,1103,1999,35982,0.5
151,1517,57363,458904,0.32
56,1675,362136,11588352,0.29
137,1824,7939,134963,0.2
80,1144,459458,7351328,0.48
124,708,532567,4793103,0.47
161,1321,1501,87058,0.18
119,1718,284899,3418788,0.49
159,415,1509,12072,0.41
36,1526,818229,24546870,0.49
161,1340,1504,34592,0.4
54,838,444687,14229984,0.19
161,1526,1500,45000,0.18
160,286,1998,57942,0.44
50,1263,491855,5902260,0.17
161,1309,1499,28481,0.34
131,597,956902,6698314,0.28
161,577,1502,34546,0.48
131,1926,439149,14052768,0.37
102,419,227891,3646256,0.23
159,1058,1508,12064,0.41
33,575,685820,10287300,0.15
158,1472,1499,82445,0.4
149,1542,873326,44539626,0.11
30,546,360874,19848070,0.39
159,1012,1517,53095,0.48
54,1262,88365,441825,0.45
160,557,2001,82041,0.47
105,778,838831,23487268,0.38
67,875,241607,6040175,0.23
95,240,741392,31138464,0.23
161,1726,1506,60240,0.19
113,582,61110,1405530,0.45
24,1910,761546,31223386,0.19
133,1853,864652,19022344,0.32
146,1406,616756,14185388,0.31
63,14,512731,21021971,0.38
46,1240,986936,32568888,0.37
160,1224,2002,56056,0.4
94,1604,559604,6715248,0.47
160,1833,2001,102051,0.12
131,79,660941,3304705,0.24
162,822,1504,60160,0.16
162,741,1499,50966,0.2
159,1426,1513,30260,0.5
134,1025,206147,3710646,0.36
91,1339,809566,22667848,0.28
13,771,253244,8863540,0.27
78,172,353902,7431942,0.21
23,359,751271,9766523,0.11
39,713,281534,12669030,0.13
31,851,39681,1150749,0.4
53,240,79354,3332868,0.39
120,1798,876036,14892612,0.24
5,33,631666,24634974,0.17
148,742,689780,15864940,0.44
102,567,867770,12148780,0.13
81,925,95325,5719500,0.3
59,1343,579683,24926369,0.42
113,506,926170,32415950,0.32
159,1813,1507,15070,0.28
134,940,421052,11368404,0.11
159,1186,1512,15120,0.36
159,1425,1510,22650,0.39
148,924,155923,1403307,0.32
69,1558,620375,17370500,0.13
29,1937,22708,840196,0.26
129,1664,703576,18292976,0.3
125,1496,432282,16858998,0.16
145,1476,429633,8163027,0.32
32,477,149234,2536978,0.24
132,1106,550328,20912464,0.16
73,1669,998846,27967688,0.32
35,653,140715,7880040,0.21
99,367,888575,25768675,0.35
142,773,513506,13864662,0.31
89,1549,980391,12745083,0.17
69,603,844295,5910065,0.36
160,1060,2005,38095,0.21
161,478,1501,51034,0.44
160,460,2003,96144,0.2
49,1830,788210,19705250,0.4
73,1098,38984,428824,0.27
1,1821,168403,5725702,0.22
160,1495,2003,48072,0.39
6,1759,49869,1496070,0.17
162,1534,1502,73598,0.25
159,1758,1506,57228,0.44
36,1976,315208,7249784,0.17
160,535,2001,38019,0.2
162,1053,1503,7515,0.36
23,847,987490,39499600,0.11
159,339,1505,25585,0.23
51,469,602375,34335375,0.15
30,873,28186,789208,0.25
37,1213,152306,4569180,0.48
56,1928,391359,9001257,0.17
136,1230,683246,23230364,0.43
160,465,1998,41958,0.43
159,1737,1503,66132,0.35
161,1788,1503,24048,0.15
39,1180,319709,14386905,0.43
142,1727,883426,26502780,0.17
109,1245,562320,5623200,0.31
162,1053,1503,7515,0.37
6,1750,386028,23161680,0.13
58,391,288001,15552054,0.22
146,1563,956800,19136000,0.46
16,1428,287460,4886820,0.37
158,268,1503,36072,0.14
155,1742,227492,7962220,0.12
159,914,1509,39234,0.34
79,1159,813191,6505528,0.16
161,1456,1499,10493,0.3
151,857,553259,15491252,0.5
3,1932,890688,30283392,0.35
159,1536,1507,31647,0.34
81,579,427955,7275235,0.13
48,725,790679,13441543,0.42
116,1213,318681,9560430,0.45
161,1124,1502,27036,0.16
160,597,1998,13986,0.16
39,1461,836075,21737950,0.36
162,1484,1506,78312,0.45
50,81,942952,17916088,0.36
159,1295,1509,25653,0.14
38,1779,366198,10619742,0.14
51,1156,130358,2085728,0.28
31,1831,428286,10707150,0.33
128,214,843599,5061594,0.39
158,852,1502,43558,0.2
70,1690,237838,9037844,0.21
158,807,1503,61623,0.42
142,317,739833,8138163,0.22
159,1799,1507,33154,0.35
112,346,375700,3757000,0.39
120,698,514983,2574915,0.49
24,1626,823184,48567856,0.14
2,1143,38536,1117544,0.17
4,1776,273142,10106254,0.42
159,1635,1511,45330,0.44
159,1032,1513,19669,0.48
127,381,121456,3643680,0.35
13,596,481621,13485388,0.33
81,1069,470302,15990268,0.26
24,1896,451969,11751194,0.12
109,1414,853405,9387455,0.4
158,214,1493,8958,0.43
160,492,2003,108162,0.39
41,1611,85248,4518144,0.29
160,1238,1999,115942,0.15
103,727,643457,30242479,0.16
19,1800,930413,35355694,0.23
5,786,49537,2080554,0.46
118,482,284860,11679260,0.46
161,1656,1508,13572,0.28
158,307,1495,28405,0.34
158,1300,1502,45060,0.14
151,1696,176445,5293350,0.44
161,923,1498,10486,0.32
143,131,903002,13545030,0.35
152,528,554827,32179966,0.34
32,519,553640,6643680,0.41
34,1249,952110,6664770,0.41
158,1418,1498,22470,0.25
162,757,1496,38896,0.49
158,793,1503,30060,0.37
159,1313,1511,19643,0.4
101,680,60814,1763606,0.18
21,1197,36824,2209440,0.12
158,1241,1499,37475,0.43
25,978,379239,7964019,0.43
88,1440,69136,1935808,0.43
33,1111,649855,15596520,0.4
159,236,1515,30300,0.48
161,903,1498,85386,0.46
6,1057,253245,5064900,0.27
108,1421,690662,4834634,0.15
161,774,1503,27054,0.29
160,1718,2000,24000,0.33
162,892,1501,43529,0.19
107,1268,814610,8960710,0.11
18,155,779763,22613127,0.39
76,765,243784,13895688,0.15
48,1749,685696,27427840,0.22
17,1002,879825,38712300,0.26
115,1916,233273,1399638,0.42
161,1225,1501,43529,0.14
9,1127,275151,7704228,0.21
94,435,271524,7331148,0.32
158,733,1491,44730,0.18
159,912,1507,43703,0.19
160,1698,1996,119760,0.36
145,1266,841475,25244250,0.49
124,444,460275,21172650,0.38
81,1438,510577,23486542,0.1
151,1041,201782,6053460,0.41
161,825,1497,44910,0.23
159,1527,1507,39182,0.41
80,1653,742126,14842520,0.15
31,860,742697,18567425,0.36
8,1552,778227,11673405,0.21
110,1708,319211,9576330,0.13
99,354,403924,12117720,0.31
131,36,979772,23514528,0.12
66,274,287114,11771674,0.24
52,1511,859558,18050718,0.34
12,1346,908308,52681864,0.29
53,1890,182487,3832227,0.19
15,667,61266,1347852,0.11
159,38,1511,87638,0.36
91,170,921742,12904388,0.14
86,1639,97640,5760760,0.26
54,1762,771059,10794826,0.42
160,636,1999,41979,0.45
161,538,1503,10521,0.4
58,1557,305523,3055230,0.36
51,338,842755,24439895,0.36
27,549,949548,23738700,0.39
158,1188,1499,8994,0.13
162,1332,1496,40392,0.47
162,950,1495,38870,0.3
45,725,366613,6232421,0.26
65,138,913539,15530163,0.38
159,518,1514,54504,0.2
16,523,345706,10025474,0.1
161,1876,1497,71856,0.14
7,1486,491901,9346119,0.14
79,1051,583430,15752610,0.36
150,793,521333,10426660,0.43
161,752,1497,79341,0.13
162,1452,1504,57152,0.22
162,821,1496,89760,0.18
161,320,1504,66176,0.29
145,1605,644820,13541220,0.21
140,608,423951,7207167,0.11
114,679,619935,29136945,0.31
162,1084,1499,41972,0.18
101,1674,127154,3051696,0.33
24,1170,331386,17232072,0.44
28,1465,541165,11364465,0.33
147,1213,188029,5640870,0.26
158,251,1503,37575,0.13
161,1416,1506,66264,0.18
158,1357,1500,76500,0.29
40,1506,202948,7509076,0.24
48,1490,12038,276874,0.21
99,364,135664,5290896,0.17
62,1737,880861,38757884,0.13
67,1889,128237,7309509,0.18
32,385,334379,11703265,0.35
162,1829,1499,29980,0.13
36,560,948942,23723550,0.48
159,863,1507,21098,0.3
43,1697,714777,35024073,0.3
17,1264,179003,1432024,0.18
160,719,2001,38019,0.26
37,460,573714,27538272,0.37
160,375,2000,22000,0.37
118,276,529758,17482014,0.49
118,1949,734262,20559336,0.28
160,981,2002,52052,0.36
159,80,1514,81756,0.24
159,1776,1508,55796,0.42
159,193,1512,42336,0.39
101,915,729667,28457013,0.19
18,1483,564414,18625662,0.47
89,1050,35130,1440330,0.18
37,1337,427985,20115295,0.13
161,951,1504,79712,0.35
78,1704,302505,11495190,0.28
160,1321,1997,115826,0.37
107,1839,949887,52243785,0.38
145,372,119621,2631662,0.23
155,303,868321,6078247,0.28
23,1915,483473,19338920,0.33
158,987,1502,55574,0.33
160,1462,1999,99950,0.2
66,1259,845970,6767760,0.12
62,1121,597069,5970690,0.4
145,1104,700285,19607980,0.29
116,346,540699,5406990,0.43
126,1207,323314,18428898,0.34
98,731,872117,25291393,0.44
158,885,1499,55463,0.4
57,1422,347846,3130614,0.29
93,1505,327391,3928692,0.13
160,1877,1995,37905,0.36
142,1797,793628,15872560,0.35
162,1278,1498,37450,0.29
28,366,930697,53980426,0.33
158,1316,1500,24000,0.28
161,203,1502,19526,0.38
161,1263,1503,18036,0.23
161,1161,1503,76653,0.49
45,1725,789230,10259990,0.38
8,1222,476763,27175491,0.4
160,949,2003,116174,0.3
161,1938,1498,20972,0.36
89,579,1204,20468,0.43
72,76,609870,31713240,0.4
161,265,1503,25551,0.34
159,948,1510,89090,0.29
73,369,948074,26546072,0.13
161,886,1498,41944,0.27
9,489,117240,820680,0.2
153,1471,813395,9760740,0.11
18,1880,327466,7204252,0.48
126,460,837983,40223184,0.12
3,100,850154,49308932,0.22
123,540,488396,6837544,0.22
86,951,834807,44244771,0.16
161,1762,1503,21042,0.29
91,317,539935,5939285,0.25
45,1358,905005,32580180,0.34
158,1556,1501,69046,0.16
161,1159,1497,11976,0.26
12,556,894562,19680364,0.37
18,1189,19077,171693,0.35
156,1989,454700,8184600,0.14
61,801,400954,7217172,0.29
60,649,765031,29071178,0.1
10,1368,97749,1563984,0.29
8,1543,813010,8130100,0.47
160,1167,2003,26039,0.24
110,1123,975060,28276740,0.48
25,199,239211,9329229,0.2
162,860,1499,37475,0.29
159,1489,1515,19695,0.14
161,1762,1504,21056,0.16
140,834,761394,22841820,0.21
63,960,219026,3942468,0.14
162,1381,1497,40419,0.47
19,1050,155334,6368694,0.33
6,650,689454,15167988,0.47
86,1967,420383,21859916,0.39
42,1699,777391,18657384,0.45
3,974,422664,10566600,0.35
6,220,590177,14754425,0.13
159,1066,1511,39286,0.21
147,1020,307726,16617204,0.27
162,1460,1496,77792,0.39
53,514,540654,14597658,0.47
162,498,1503,45090,0.49
158,687,1498,8988,0.48
46,1364,42284,253704,0.38
84,1285,605493,3027465,0.16
31,1851,542735,10311965,0.15
159,254,1514,57532,0.14
151,1164,665664,35945856,0.38
104,1129,8697,365274,0.29
72,1527,906089,23558314,0.13
158,1534,1501,73549,0.14
79,469,124019,7069083,0.42
72,362,406833,8950326,0.34
159,254,1509,57342,0.35
96,672,657129,13799709,0.25
120,705,585484,12880648,0.13
22,243,775958,6207664,0.16
99,1074,764727,41295258,0.27
158,738,1503,19539,0.33
159,1997,1508,34684,0.36
12,1582,687197,41231820,0.14
159,839,1511,74039,0.48
134,1330,568960,32430720,0.4
11,277,419617,12168893,0.28
162,1355,1503,19539,0.28
149,489,560800,3925600,0.14
93,237,549078,27453900,0.12
114,1735,124071,2481420,0.29
14,1429,34985,1644295,0.42
51,162,576921,31153734,0.33
104,1420,451740,25749180,0.29
14,1740,42295,888195,0.42
16,1376,787182,21253914,0.49
162,1573,1503,10521,0.3
159,385,1511,52885,0.26
4,1940,837166,12557490,0.35
159,24,1510,89090,0.1
152,1085,486718,9247642,0.12
54,561,195781,5286087,0.44
158,931,1500,15000,0.29
54,396,346685,2080110,0.28
160,973,1996,27944,0.49
92,571,540944,9196048,0.24
19,601,232972,6989160,0.28
160,1449,2001,86043,0.16
45,1994,892659,41954973,0.38
124,127,615839,8621746,0.15
24,1459,926813,20389886,0.16
161,132,1498,13482,0.48
135,275,558702,32963418,0.33
133,1019,994906,27857368,0.46
158,1780,1498,41944,0.4
162,411,1500,81000,0.14
161,1730,1505,42140,0.37
158,209,1503,60120,0.18
96,1389,194671,5450788,0.46
158,1457,1501,45030,0.23
149,781,475027,19476107,0.42
160,1041,1998,59940,0.41
3,1490,729976,16789448,0.28
82,923,984053,6888371,0.46
60,495,224287,6055749,0.3
7,19,920169,47848788,0.42
160,337,1999,51974,0.22
97,1106,560455,21297290,0.4
17,114,28077,954618,0.37
161,761,1503,90180,0.34
99,677,681790,12272220,0.38
161,259,1503,45090,0.18
158,940,1495,40365,0.46
159,1589,1509,90540,0.15
158,40,1507,75350,0.17
137,447,118107,5551029,0.36
132,484,94391,3209294,0.13
105,1990,518519,8814823,0.41
87,823,708167,25494012,0.35
157,723,599709,20989815,0.19
149,1414,702296,7725256,0.46
35,1017,711827,21354810,0.36
60,988,520257,22371051,0.24
159,300,1508,25636,0.17
6,158,321005,5457085,0.46
126,539,284489,8819159,0.26
109,545,1548,44892,0.14
161,527,1503,88677,0.12
57,507,322798,16462698,0.37
131,844,212389,12106173,0.2
97,1003,556706,7793884,0.22
23,916,86638,4245262,0.24
67,1735,725465,14509300,0.11
83,950,93499,2430974,0.31
153,1180,400744,18033480,0.32
31,899,570491,29665532,0.48
108,812,192340,2500420,0.19
33,324,72632,2033696,0.17
28,973,1447,20258,0.32
158,740,1503,37575,0.17
160,1006,2004,22044,0.19
98,609,964875,31840875,0.12
49,1750,526999,31619940,0.42
162,929,1504,81216,0.12
128,1402,473267,4259403,0.31
162,1272,1498,13482,0.19
134,1359,505238,26272376,0.49
160,471,2000,60000,0.38
65,704,535017,10700340,0.3
28,0,153623,7220281,0.25
2,381,835735,25072050,0.13
124,1915,111457,4458280,0.23
159,1891,1511,72528,0.47
162,1953,1502,78104,0.29
16,222,938513,16893234,0.39
128,363,231767,7648311,0.36
158,1097,1502,60080,0.48
21,1190,470878,4237902,0.1
117,1719,351128,11938352,0.17
160,1325,2000,110000,0.29
158,1103,1502,27036,0.11
159,1662,1513,21182,0.24
139,1559,580506,22639734,0.37
63,293,362025,9774675,0.46
142,852,69725,2022025,0.24
136,844,51396,2929572,0.35
160,687,1999,11994,0.22
158,1389,1496,41888,0.32
161,859,1499,77948,0.14
81,707,377374,17736578,0.41
15,405,192634,5971654,0.32
160,436,2002,96096,0.41
160,699,1999,93953,0.48
100,1603,431302,9057342,0.15
1,1492,866653,38999385,0.5
159,610,1510,54360,0.32
155,1831,647027,16175675,0.22
158,661,1501,21014,0.3
13,28,25830,284130,0.36
160,1297,1995,101745,0.29
161,92,1500,75000,0.37
160,1763,1999,11994,0.26
82,221,773231,6959079,0.47
9,306,634085,33606505,0.18
25,111,891553,42794544,0.37
16,1708,220087,6602610,0.1
159,458,1509,34707,0.47
93,160,946572,23664300,0.23
161,406,1497,70359,0.49
68,589,359257,18322107,0.39
142,706,986690,17760420,0.49
160,1935,2000,58000,0.43
103,1565,3617,83191,0.38
71,1745,104572,3973736,0.21
90,750,224539,6960709,0.36
11,214,476781,2860686,0.24
74,1385,328881,9866430,0.26
91,945,687320,33678680,0.34
110,1504,720078,19442106,0.24
145,1609,215014,3010196,0.13
115,1663,444815,4892965,0.28
44,1081,985773,12815049,0.34
96,931,541894,5418940,0.14
150,1420,988793,56361201,0.42
140,1878,156271,3125420,0.15
82,320,147187,6476228,0.18
133,1175,452679,14938407,0.45
69,429,523408,20412912,0.34
15,84,923517,6464619,0.37
159,869,1506,31626,0.34
148,1171,939961,5639766,0.35
160,1029,1996,101796,0.44
39,675,864177,4320885,0.28
160,1070,2002,60060,0.32
78,1732,484380,6296940,0.32
50,999,475009,17100324,0.42
159,649,1507,57266,0.18
130,1698,480460,28827600,0.22
161,1631,1503,57114,0.43
160,15,2002,26026,0.34
158,213,1501,61541,0.46
162,1234,1502,51068,0.17
91,1053,980803,4904015,0.45
111,1920,28317,226536,0.44
161,1368,1500,24000,0.33
154,1714,313452,9403560,0.36
15,1616,621485,26723855,0.47
137,451,25665,333645,0.1
159,990,1512,21168,0.19
132,238,583993,11679860,0.39
61,29,75595,1965470,0.37
162,1093,1503,19539,0.31
56,1690,198866,7556908,0.3
158,1341,1496,55352,0.26
159,934,1512,45360,0.45
98,1972,669366,30790836,0.29
119,477,175845,2989365,0.48
43,1614,973931,51618343,0.16
138,1552,471936,7079040,0.13
23,85,860551,30979836,0.39
17,167,564498,22015422,0.48
15,752,495801,26277453,0.41
158,1205,1504,24064,0.24
162,670,1499,10493,0.25
142,1876,573461,27526128,0.5
4,1108,428849,4288490,0.42
42,1712,759035,5313245,0.31
101,1428,156475,2660075,0.49
123,1690,206747,7856386,0.29
133,1285,874543,4372715,0.26
159,272,1509,73941,0.13
47,1619,32133,1349586,0.28
34,380,292265,14613250,0.34
15,615,186614,5785034,0.14
160,1261,2004,58116,0.27
62,735,57249,572490,0.34
12,992,352995,7412895,0.36
55,547,719406,5755248,0.12
115,1260,303658,3947554,0.38
160,1068,2002,60060,0.38
159,359,1506,19578,0.47
161,1366,1502,37550,0.17
75,856,461429,11997154,0.14
156,1102,655696,38686064,0.38
70,1799,99794,2195468,0.16
158,997,1499,89940,0.5
159,904,1511,84616,0.13
55,415,397176,3177408,0.37
95,593,29474,972642,0.25
135,605,192302,7692080,0.41
3,889,323097,16477947,0.19
162,1190,1500,13500,0.5
162,1283,1498,7490,0.25
117,1862,454282,6814230,0.1
48,1412,385429,6166864,0.48
14,1147,342286,2738288,0.41
162,234,1504,25568,0.5
97,613,308215,17876470,0.45
9,1671,987653,37530814,0.47
33,1637,646800,23931600,0.24
146,423,476005,9044095,0.34
162,1867,1495,80730,0.19
46,1044,275003,11550126,0.49
79,1152,670134,24124824,0.11
41,1093,574131,7463703,0.42
159,1662,1506,21084,0.35
10,1836,476718,19545438,0.17
84,923,63308,443156,0.36
160,1421,1997,13979,0.37
155,1228,833401,36669644,0.33
67,1534,418923,20527227,0.18
68,907,976476,9764760,0.25
162,952,1500,45000,0.4
109,95,421698,8855658,0.13
49,1710,742121,20037267,0.32
15,1280,792673,36462958,0.4
160,1001,2002,66066,0.5
10,448,833576,22506552,0.47
37,1286,628905,10691385,0.16
9,1938,814386,11401404,0.39
18,1498,289631,14481550,0.11
33,1161,801280,40865280,0.42
91,446,733983,22019490,0.19
160,1463,2003,42063,0.25
68,1140,295085,7082040,0.49
77,712,187808,10141632,0.31
162,54,1508,15080,0.29
43,921,90768,4719936,0.17
159,118,1508,90480,0.27
23,226,905448,26257992,0.17
159,1340,1508,34684,0.38
34,1871,165534,3145146,0.23
108,766,790029,44241624,0.29
160,1471,2002,24024,0.2
122,1518,793359,13487103,0.28
141,165,250603,10274723,0.26
155,689,206728,2067280,0.43
114,1154,447579,11637054,0.12
162,1596,1500,40500,0.28
161,1336,1496,86768,0.36
158,573,1499,88441,0.2
8,996,913164,32873904,0.17
112,1424,561836,8427540,0.4
162,1986,1503,45090,0.12
158,491,1500,13500,0.13
160,1239,2000,100000,0.35
39,1008,955399,46814551,0.43
77,313,28810,1584550,0.39
162,1339,1503,42084,0.3
78,928,283067,3679871,0.16
143,428,270379,7570612,0.41
161,406,1497,70359,0.36
160,1005,1997,59910,0.25
1,413,938559,6569913,0.33
30,1617,104878,4929266,0.41
162,1663,1500,16500,0.28
161,94,1498,59920,0.26
19,1822,805880,24982280,0.3
161,1752,1500,90000,0.33
12,1236,849285,24629265,0.45
160,437,1997,65901,0.19
144,631,307516,12915672,0.28
123,947,571882,9721994,0.26
161,142,1500,45000,0.36
158,1994,1502,70594,0.14
107,470,646102,5168816,0.2
162,1553,1497,74850,0.32
62,566,230964,5774100,0.14
100,1940,41358,620370,0.39
162,654,1502,70594,0.32
154,1752,911770,54706200,0.45
7,1549,829491,10783383,0.13
100,219,376947,12439251,0.48
86,1164,15648,844992,0.31
85,213,321682,13188962,0.15
15,303,95838,670866,0.29
159,1789,1507,81378,0.29
86,1089,444418,23109736,0.14
159,1462,1508,75400,0.16
159,1923,1511,80083,0.36
40,1882,51192,358344,0.45
159,506,1504,52640,0.48
160,318,2000,48000,0.23
30,1214,646313,4524191,0.45
53,1731,284952,16812168,0.37
25,1469,73073,730730,0.43
158,1896,1500,39000,0.31
153,854,759471,22784130,0.44
97,1884,792924,24580644,0.34
12,223,723889,32575005,0.28
9,1365,567500,16457500,0.5
158,1447,1496,55352,0.5
162,1037,1500,27000,0.5
160,1100,2003,86129,0.12
34,450,330398,18502288,0.4
143,1817,391525,20359300,0.15
160,1941,1997,91862,0.46
130,550,255264,15060576,0.48
161,888,1496,80784,0.47
51,1788,98226,1571616,0.2
31,371,675124,6751240,0.39
91,71,719211,10068954,0.16
125,1928,595484,13696132,0.1
162,1056,1504,42112,0.28
80,326,389440,6620480,0.11
158,652,1499,10493,0.24
160,1124,1996,35928,0.43
70,1902,233732,7479424,0.16
91,76,466671,24266892,0.38
162,832,1499,16489,0.3
115,962,511432,13808664,0.47
108,1616,908379,39060297,0.24
158,897,1494,83664,0.27
9,13,260822,10432880,0.4
159,1111,1511,36264,0.46
159,1536,1506,31626,0.16
67,1389,878026,24584728,0.4
160,299,1995,95760,0.34
162,115,1501,18012,0.17
65,950,373357,9707282,0.46
111,1344,582180,2910900,0.47
17,1079,720223,20166244,0.14
116,1124,697645,12557610,0.42
40,1995,492418,22651228,0.32
158,922,1502,45060,0.16
116,726,602214,24690774,0.31
159,609,1511,49863,0.17
1,1216,708947,13469993,0.23
39,1955,375467,3379203,0.2
102,417,377450,11323500,0.26
6,113,814965,21189090,0.13
53,1719,17059,580006,0.18
113,998,101930,3669480,0.34
161,1888,1498,14980,0.17
90,426,621961,3731766,0.1
161,1098,1497,16467,0.2
160,1475,2000,96000,0.24
140,336,306363,5820897,0.4
29,611,506591,13171366,0.23
141,1406,453426,10428798,0.43
12,682,922927,5537562,0.17
82,516,710323,13496137,0.35
21,1369,833758,42521658,0.33
159,1600,1504,12032,0.24
162,1471,1496,17952,0.44
52,813,948193,23704825,0.14
135,277,407439,11815731,0.17
24,1576,947459,28423770,0.27
17,32,321984,10625472,0.17
160,85,1998,71928,0.19
161,963,1503,30060,0.15
160,710,2003,20030,0.33
161,101,1500,33000,0.27
1,368,936707,28101210,0.37
69,1479,377724,3021792,0.49
159,1216,1515,28785,0.46
129,920,958678,46016544,0.46
49,1576,674505,20235150,0.27
114,519,261391,3136692,0.36
145,1620,424554,6792864,0.46
131,1731,526311,31052349,0.43
40,266,922240,37811840,0.13
131,1641,19117,726446,0.36
148,1146,283033,7358858,0.38
59,1282,593308,11866160,0.48
160,1175,2001,66033,0.25
148,1698,144662,8679720,0.36
42,12,154089,2003157,0.24
161,1199,1501,13509,0.24
60,1506,272411,10079207,0.44
162,777,1494,34362,0.15
14,1204,949183,13288562,0.12
2,286,667806,19366374,0.43
68,771,508803,17808105,0.2
40,1839,735300,40441500,0.41
142,624,272636,2181088,0.37
35,1406,983116,22611668,0.44
158,1061,1496,25432,0.27
158,1781,1496,50864,0.43
161,652,1500,10500,0.15
79,32,513093,16932069,0.29
104,801,902342,16242156,0.45
141,1246,928098,52901586,0.17
161,1609,1500,21000,0.19
157,825,964436,28933080,0.18
41,992,794567,16685907,0.14
113,1148,85629,856290,0.13
152,297,574318,16080904,0.19
158,357,1503,85671,0.39
158,418,1500,18000,0.4
161,700,1502,12016,0.47
90,1887,980068,57824012,0.5
159,962,1511,40797,0.34
97,168,981547,26501769,0.48
39,1240,942446,31100718,0.31
161,1265,1498,32956,0.48
31,487,345529,9674812,0.43
3,1614,749914,39745442,0.13
130,1875,316346,3163460,0.39
160,1923,1998,105894,0.42
162,346,1500,15000,0.24
131,1816,679348,14266308,0.17
161,1445,1505,55685,0.29
159,1926,1508,48256,0.21
150,1409,809199,8901189,0.25
159,671,1511,86127,0.31
43,1654,948987,17081766,0.16
80,179,467289,8878491,0.43
136,1360,319454,13736522,0.26
158,89,1502,75100,0.29
116,1182,612030,14076690,0.25
158,1884,1498,46438,0.45
108,1323,852827,46905485,0.34
19,1771,728473,36423650,0.48
161,1137,1501,45030,0.19
148,1241,479812,11995300,0.47
159,1673,1505,27090,0.19
160,210,2003,108162,0.24
68,1201,177480,4969440,0.13
108,207,961950,48097500,0.46
84,293,91599,2473173,0.38
118,580,142546,3848742,0.4
157,77,578583,8678745,0.39
159,1262,1512,7560,0.17
81,450,353844,19815264,0.45
78,604,543336,4346688,0.34
115,960,879202,15825636,0.28
100,1214,171697,1201879,0.22
28,681,681850,16364400,0.4
159,705,1508,33176,0.44
159,1775,1508,81432,0.25
8,1013,493350,9867000,0.45
44,1448,950436,19008720,0.43
23,1001,185429,6119157,0.2
38,716,490339,3922712,0.22
73,1109,519816,14035032,0.14
117,650,714637,15722014,0.47
120,472,60707,1699796,0.15
148,771,371429,13000015,0.49
133,1820,696741,32050086,0.36
107,577,40476,930948,0.19
139,264,238137,10478028,0.38
49,1901,357978,10381362,0.31
16,657,781543,32043263,0.47
89,1580,758181,39425412,0.28
92,577,134246,3087658,0.24
159,284,1509,78468,0.24
52,194,435116,2610696,0.12
124,819,42735,2521365,0.13
158,894,1501,58539,0.11
158,1186,1501,15010,0.19
73,882,443701,13311030,0.36
80,630,651909,30639723,0.18
159,907,1514,15140,0.31
133,175,142022,3266506,0.4
131,1432,602024,32509296,0.39
54,1882,893435,6254045,0.2
74,575,168834,2532510,0.33
72,668,144298,4761834,0.17
145,1352,105384,2950752,0.48
96,1240,90303,2979999,0.22
77,1556,504186,23192556,0.14
9,353,845698,7611282,0.19
62,918,22480,539520,0.15
80,1542,622431,31743981,0.3
130,213,707868,29022588,0.19
34,1740,399686,8393406,0.38
138,474,516239,2581195,0.5
28,95,2982,62622,0.38
161,1956,1503,22545,0.14
99,1402,745276,6707484,0.33
144,1480,672738,18163926,0.27
138,1870,712008,10680120,0.28
159,1391,1511,67995,0.23
84,170,202576,2836064,0.37
158,1176,1499,41972,0.34
87,1784,509938,15808078,0.34
161,176,1498,64414,0.36
5,929,925697,49987638,0.43
82,1090,390806,11724180,0.29
55,539,499671,15489801,0.4
6,1368,220939,3535024,0.33
12,1572,872013,40984611,0.27
126,605,37666,1506640,0.12
147,534,137086,4386752,0.33
4,1789,700590,37831860,0.12
162,1242,1497,29940,0.36
159,1647,1511,10577,0.15
91,1390,971994,41795742,0.37
104,961,909437,32739732,0.43
161,519,1503,18036,0.39
137,882,953170,28595100,0.17
107,1328,74231,1855775,0.46
159,851,1511,43819,0.1
160,19,1999,103948,0.22
76,1303,854264,41858936,0.48
18,1041,19128,573840,0.45
84,1333,538492,18847220,0.49
112,1412,49402,790432,0.16
25,1266,887627,26628810,0.27
121,1028,625890,28790940,0.39
45,860,33319,832975,0.18
162,1460,1502,78104,0.1
79,1830,743071,18576775,0.37
162,1701,1499,58461,0.18
43,1938,482063,6748882,0.28
49,1389,645087,18062436,0.23
160,794,2001,20010,0.17
105,134,827615,32276985,0.31
106,239,284920,4843640,0.13
65,1161,961666,49044966,0.18
158,1214,1496,10472,0.13
162,897,1501,84056,0.3
39,1480,877642,23696334,0.1
158,461,1501,19513,0.15
162,620,1496,34408,0.25
63,1832,300089,18005340,0.34
14,144,579151,13320473,0.2
134,1300,378231,11346930,0.26
38,608,49975,849575,0.18
84,158,996862,16946654,0.36
161,1917,1507,60280,0.15
160,554,1998,119880,0.11
31,1575,484555,11144765,0.36
16,4,646059,32302950,0.44
160,877,2006,114342,0.4
22,36,825453,19810872,0.49
30,435,754870,20381490,0.25
8,335,642822,24427236,0.5
115,42,87572,3065020,0.32
24,1874,569386,24483598,0.25
159,1321,1507,87406,0.43
81,10,796220,40607220,0.15
117,1296,890972,24947216,0.26
141,62,512191,25097359,0.4
158,1075,1498,83888,0.41
15,1416,345335,15194740,0.16
77,1844,769381,34622145,0.4
52,642,729619,21158951,0.24
108,297,42473,1189244,0.19
96,972,573941,8035174,0.36
48,1308,548803,24696135,0.18
126,1748,545087,8176305,0.27
159,640,1505,21070,0.46
64,437,182176,6011808,0.27
161,1384,1497,77844,0.35
53,1960,58928,2651760,0.38
146,124,655743,33442893,0.23
140,782,911301,52855458,0.45
43,1756,789050,41030600,0.25
161,1009,1503,39078,0.3
128,800,627021,16302546,0.44
159,817,1514,15140,0.35
36,547,422690,3381520,0.31
92,1229,858645,50660055,0.5
15,1823,373571,4856423,0.49
20,137,932684,21451732,0.38
128,1949,295511,8274308,0.41
159,967,1515,7575,0.4
162,1227,1501,60040,0.46
161,140,1502,42056,0.11
36,1572,570104,26794888,0.48
8,1000,199829,8592647,0.16
160,332,2001,88044,0.35
160,1006,2000,22000,0.23
110,861,457137,10057014,0.43
159,380,1505,75250,0.22
44,1861,607881,32825574,0.23
74,1047,516340,5679740,0.43
158,1168,1501,13509,0.14
162,876,1504,39104,0.47
162,1804,1500,87000,0.23
161,1311,1503,42084,0.45
158,1611,1499,79447,0.41
159,175,1505,34615,0.24
110,33,863926,33693114,0.42
139,658,346412,7274652,0.41
159,1135,1506,84336,0.22
19,990,335435,4696090,0.21
43,1389,206855,5791940,0.29
160,820,1996,25948,0.23
158,1810,1499,58461,0.38
162,666,1497,28443,0.27
85,846,347279,7640138,0.14
158,339,1495,25415,0.12
131,693,661259,19837770,0.15
162,1320,1502,87116,0.28
112,1653,227484,4549680,0.33
137,1037,288361,5190498,0.13
160,1164,2000,108000,0.12
68,1885,381927,17950569,0.15
119,1804,320346,18580068,0.37
159,1871,1510,28690,0.44
118,459,496419,14396151,0.27
76,162,307767,16619418,0.13
29,251,848526,21213150,0.13
64,981,770095,20022470,0.48
36,1874,414005,17802215,0.25
150,1812,163794,5077614,0.24
72,1602,495919,11406137,0.27
158,1018,1500,36000,0.36
159,553,1508,40716,0.42
158,1681,1503,16533,0.36
64,1524,733602,11737632,0.48
58,490,264800,14034400,0.5
26,899,267412,13905424,0.3
160,1574,2001,44022,0.43
158,297,1500,42000,0.45
160,780,2006,58174,0.38
145,1891,16182,776736,0.48
161,804,1501,75050,0.39
5,1350,21462,794094,0.38
158,1905,1501,42028,0.4
158,1238,1496,86768,0.31
159,347,1511,12088,0.4
160,1458,2000,54000,0.23
127,1133,63158,1389476,0.36
4,99,878862,30760170,0.43
160,1589,1998,119880,0.33
158,406,1498,70406,0.12
2,1202,53932,1887620,0.16
29,1067,832206,24133974,0.2
162,511,1502,54072,0.48
158,267,1498,46438,0.26
108,1921,225283,6983773,0.39
159,1829,1505,30100,0.14
159,1601,1507,21098,0.22
83,1715,481376,23587424,0.48
158,375,1501,16511,0.23
4,1597,658002,31584096,0.48
33,1814,403580,7668020,0.28
159,1389,1509,42252,0.25
158,362,1503,33066,0.25
161,138,1497,25449,0.49
109,1953,301414,15673528,0.41
21,1991,762732,29746548,0.13
26,1017,14317,429510,0.46
160,1301,2001,104052,0.21
127,204,939860,48872720,0.28
121,886,609275,17059700,0.2
7,282,325112,16905824,0.28
162,1160,1502,34546,0.25
25,1618,124536,3362472,0.16
158,525,1501,40527,0.46
158,1791,1502,36048,0.38
63,125,40219,1005475,0.14
19,1118,7514,135252,0.14
160,2,1999,113943,0.13
51,635,798441,7984410,0.1
86,1626,183627,10833993,0.38
118,425,629894,22676184,0.14
0,763,512296,11270512,0.41
159,1428,1512,25704,0.13
160,1263,2000,24000,0.47
47,102,941768,15068288,0.23
17,1374,687536,4125216,0.43
107,169,838183,20954575,0.15
17,1153,531981,31386879,0.22
82,477,350226,5953842,0.4
21,440,65240,3001040,0.3
93,1028,389304,17907984,0.26
161,592,1504,88736,0.29
47,1053,852270,4261350,0.32
29,1571,91472,2927104,0.49
5,1832,364475,21868500,0.19
93,810,42565,936430,0.12
36,1496,24494,955266,0.14
160,127,2003,28042,0.29
161,1466,1503,84168,0.3
110,426,936426,5618556,0.27
10,830,52112,2657712,0.16
80,1322,595746,31574538,0.31
158,635,1498,14980,0.4
157,61,654061,24200257,0.4
160,1536,2001,42021,0.21
89,918,324396,7785504,0.26
160,1718,2003,24036,0.37
19,1776,720398,26654726,0.39
4,1571,500557,16017824,0.45
43,151,391158,17210952,0.39
113,231,513024,3591168,0.29
158,220,1504,37600,0.3
73,865,544154,24486930,0.28
20,1223,495911,14877330,0.31
105,1826,651860,3911160,0.36
92,806,759543,7595430,0.24
136,1802,812337,47115546,0.42
144,481,345062,6556178,0.37
67,1357,403646,20585946,0.4
97,1036,127677,3957987,0.33
63,1581,901797,31562895,0.36
16,1267,32753,294777,0.45
159,796,1508,60320,0.2
130,972,232082,3249148,0.3
69,1055,984455,15751280,0.25
161,1707,1501,43529,0.38
93,469,408686,23295102,0.25
115,102,180428,2886848,0.33
158,1375,1496,71808,0.42
84,1889,247730,14120610,0.17
158,1936,1504,40608,0.41
156,1399,796410,37431270,0.28
158,1959,1502,22530,0.45
110,1402,820841,7387569,0.26
159,525,1508,40716,0.48
74,1182,794991,18284793,0.11
67,1727,549850,16495500,0.27
15,513,154872,1393848,0.3
68,633,650017,9750255,0.21
161,1006,1502,16522,0.41
22,225,370174,8514002,0.29
101,1487,346861,13180718,0.37
127,508,14057,660679,0.25
158,558,1498,14980,0.41
1,1157,873323,23579721,0.16
100,895,194840,5065840,0.17
102,1362,293059,10550124,0.37
158,1301,1497,77844,0.13
77,861,759657,16712454,0.42
98,1672,345372,4835208,0.11
161,1158,1500,31500,0.14
32,508,366716,17235652,0.43
3,464,704101,19714828,0.11
78,776,166003,6806123,0.41
93,1412,747025,11952400,0.26
162,1735,1499,29980,0.45
151,1942,28124,674976,0.25
68,1675,603197,19302304,0.36
62,60,444856,26246504,0.36
160,1027,1999,105947,0.47
149,1952,558825,28500075,0.18
9,1472,708559,38970745,0.3
12,410,919248,8273232,0.25
160,775,2001,38019,0.34
115,1303,644663,31588487,0.32
162,848,1499,26982,0.2
161,211,1501,33022,0.29
74,1133,884109,19450398,0.18
75,849,629677,3148385,0.31
128,1929,576038,11520760,0.45
29,709,948237,12327081,0.11
46,1049,93624,2808720,0.24
148,1931,979758,21554676,0.42
159,1430,1511,72528,0.27
161,1100,1499,64457,0.32
160,1534,1995,97755,0.37
158,1466,1503,84168,0.49
161,1393,1501,63042,0.46
98,986,200105,1400735,0.17
161,566,1504,37600,0.15
97,1860,526928,13173200,0.31
158,302,1498,40446,0.11
162,819,1497,88323,0.41
12,1944,822833,11519662,0.25
23,1554,927322,4636610,0.2
161,318,1497,35928,0.16
88,620,577055,13272265,0.42
158,1106,1502,57076,0.12
73,605,242354,9694160,0.49
36,1634,891473,17829460,0.12
39,969,297600,8630400,0.31
15,686,223534,3800078,0.17
158,1850,1497,47904,0.26
160,200,2004,16032,0.29
40,1354,966384,43487280,0.21
29,1454,991165,12885145,0.27
20,1956,317512,4762680,0.35
158,278,1500,13500,0.17
16,1429,105979,4981013,0.19
41,628,881606,6171242,0.42
159,1576,1513,45390,0.33
23,1171,48230,289380,0.31
111,934,202189,6065670,0.31
106,621,633325,13933150,0.49
137,290,456702,13244358,0.32
158,25,1496,64328,0.2
80,1956,830206,12453090,0.45
0,436,892408,42835584,0.28
158,784,1498,55426,0.47
3,1318,202682,11147510,0.27
95,1532,671294,14097174,0.35
80,1222,630338,35929266,0.14
45,745,726664,36333200,0.31
159,1984,1507,19591,0.47
159,1716,1504,39104,0.2
21,300,710537,12079129,0.14
4,24,315284,18601756,0.22
160,1557,1997,19970,0.18
64,1548,673355,17507230,0.45
37,975,442168,15033712,0.15
158,146,1499,79447,0.45
90,289,671000,18788000,0.23
70,655,996338,36864506,0.29
158,223,1501,67545,0.43
76,1775,707885,38225790,0.39
90,845,219138,4382760,0.47
97,710,985383,9853830,0.21
146,1269,553612,14393912,0.44
148,552,898126,37721292,0.49
117,1454,487372,6335836,0.5
77,602,493950,4445550,0.12
160,1716,2000,52000,0.32
29,1563,740625,14812500,0.27
13,517,109936,2968272,0.12
60,1753,511464,8183424,0.15
6,1864,960722,5764332,0.26
13,429,791498,30868422,0.47
79,457,524899,20995960,0.21
162,266,1497,61377,0.33
153,1554,589953,2949765,0.39
144,552,312380,13119960,0.21
162,31,1496,77792,0.39
129,1392,216655,3683135,0.3
16,1286,949918,16148606,0.41
160,1053,2000,10000,0.38
81,1087,13256,755592,0.38
84,1027,465387,24665511,0.44
154,383,133050,6386400,0.1
93,372,42112,926464,0.17
115,1129,26778,1124676,0.48
114,1073,592352,11847040,0.24
162,840,1499,61459,0.15
162,85,1496,53856,0.18
34,910,623793,32437236,0.24
158,1190,1500,13500,0.21
64,345,472563,2362815,0.48
62,535,36268,689092,0.32
91,749,488323,13673044,0.4
159,1005,1510,45300,0.31
42,278,747200,6724800,0.39
161,1882,1500,10500,0.46
66,1844,790327,35564715,0.45
158,1856,1504,21056,0.2
121,266,798631,32743871,0.3
150,825,220289,6608670,0.38
158,1596,1496,40392,0.23
159,194,1511,9066,0.1
96,1608,42163,2487617,0.22
54,867,803681,40987731,0.19
162,547,1498,11984,0.26
137,999,517937,18645732,0.17
158,1443,1505,82775,0.21
13,1305,456717,11874642,0.22
135,927,663381,13267620,0.16
52,1088,274703,5219357,0.37
161,1053,1504,7520,0.3
161,1841,1493,41804,0.13
162,398,1501,58539,0.37
33,455,890179,24034833,0.22
104,336,337941,6420879,0.27
131,1606,42596,1277880,0.14
68,100,86654,5025932,0.35
158,362,1502,33044,0.21
125,1166,927941,12991174,0.27
53,290,603980,17515420,0.43
59,164,83372,2167672,0.33
10,1248,89749,1525733,0.47
120,29,801452,20837752,0.49
145,144,132593,3049639,0.26
161,193,1500,42000,0.5
85,732,998873,20976333,0.47
25,11,529888,18016192,0.26
88,1371,874825,13997200,0.42
133,509,356534,17113632,0.4
85,699,56057,2634679,0.48
52,608,702336,11939712,0.11
136,1135,208282,11663792,0.3
51,143,454942,8643898,0.42
157,939,528281,5282810,0.12
28,456,209557,6077153,0.15
59,409,676101,6084909,0.14
43,1859,863373,11223849,0.22
161,145,1497,11976,0.2
63,603,466150,3263050,0.28
77,348,144327,6494715,0.49
79,925,645972,38758320,0.16
160,1931,2008,44176,0.22
158,0,1498,70406,0.17
76,1070,442587,13277610,0.31
142,1664,177675,4619550,0.12
42,1531,179405,2691075,0.44
9,1279,561065,10099170,0.22
152,75,490439,10789658,0.48
150,1994,393714,18504558,0.33
7,1971,1377,24786,0.24
68,688,743373,34938531,0.41
39,1495,665911,15981864,0.22
11,1032,581586,7560618,0.5
159,1468,1507,16577,0.49
160,901,1996,11976,0.46
158,717,1503,72144,0.4
75,1099,393752,12993816,0.2
82,1653,702027,14040540,0.36
159,802,1515,39390,0.25
158,208,1497,76347,0.12
7,1862,312093,4681395,0.22
17,967,254167,1270835,0.45
133,126,262353,9707061,0.19
162,90,1502,88618,0.5
54,168,876330,23660910,0.43
152,980,538831,12393113,0.25
28,300,294481,5006177,0.36
90,1670,183313,5132764,0.26
82,403,581436,15117336,0.14
162,1959,1502,22530,0.45
8,1855,566738,15301926,0.1
16,1002,672721,29599724,0.26
158,314,1500,16500,0.16
6,774,751984,13535712,0.35
13,800,616928,16040128,0.29
147,1555,260154,14048316,0.29
89,1208,601191,9017865,0.14
6,322,457859,7783603,0.25
63,974,836547,20913675,0.37
138,1731,312062,18411658,0.33
159,1326,1508,54288,0.24
159,170,1511,21154,0.31
162,414,1503,22545,0.45
64,391,925598,49982292,0.48
126,220,631698,15792450,0.26
161,1880,1501,33022,0.27
159,1279,1512,27216,0.18
38,427,942229,31093557,0.46
37,1193,514540,6174480,0.21
40,1751,596914,17907420,0.49
161,785,1502,51068,0.3
162,1587,1498,35952,0.17
107,819,198348,11702532,0.49
43,8,290768,4070752,0.28
98,1484,80585,4190420,0.23
69,1155,90603,634221,0.43
142,1996,581761,30833333,0.15
35,1993,541648,9208016,0.33
158,870,1506,84336,0.3
114,1798,567622,9649574,0.42
152,1509,716627,42997620,0.25
162,656,1495,38870,0.22
158,1581,1498,52430,0.12
62,1845,853322,5973254,0.14
16,1182,564963,12994149,0.32
121,1520,428695,12003460,0.35
160,1910,2003,82123,0.11
158,1759,1501,45030,0.11
98,7,174977,2099724,0.33
154,535,947481,18002139,0.32
133,989,907821,8170389,0.11
148,1967,525942,27348984,0.47
162,491,1497,13473,0.24
123,1095,51071,1327846,0.4
127,1022,424848,8921808,0.39
22,169,215217,5380425,0.38
36,789,77597,853567,0.15
115,628,282264,1975848,0.38
18,739,761361,22079469,0.4
100,430,379510,9487750,0.37
67,1633,743733,9668529,0.33
158,6,1491,23856,0.16
87,902,190144,11028352,0.41
137,982,456757,25578392,0.26
127,649,646083,24551154,0.28
158,1246,1498,85386,0.18
39,9,898633,10783596,0.42
161,11,1501,51034,0.27
31,185,720235,10083290,0.27
118,1166,263316,3686424,0.36
75,548,825516,45403380,0.22
1,583,761815,19807190,0.23
160,601,2004,60120,0.25
39,1857,361524,17353152,0.17
160,792,1998,37962,0.1
161,1959,1501,22515,0.16
82,1619,270123,11345166,0.22
3,885,466745,17269565,0.36
158,105,1501,40527,0.49
154,715,527789,16361459,0.17
159,1014,1511,22665,0.34
55,1141,660312,39618720,0.28
162,715,1498,46438,0.49
43,926,518018,7770270,0.27
124,1637,419518,15522166,0.45
158,38,1496,86768,0.19
80,1843,866804,46807416,0.16
158,1408,1500,52500,0.22
160,596,2002,56056,0.45
157,1560,47075,2824500,0.4
159,278,1503,13527,0.18
159,349,1507,58773,0.48
162,758,1505,13545,0.37
27,288,201281,11473017,0.14
34,1632,306367,11948313,0.31
93,986,450354,3152478,0.21
162,806,1500,15000,0.38
71,1436,888657,35546280,0.34
161,932,1498,43442,0.22
102,831,207287,5804036,0.42
124,339,653536,11110112,0.41
39,176,451751,19425293,0.48
119,1399,140912,6622864,0.14
16,1448,430878,8617560,0.15
123,497,261093,15143394,0.14
162,709,1499,19487,0.29
159,511,1515,54540,0.12
60,1728,479811,28308849,0.38
145,1356,399155,4789860,0.23
114,1065,346479,12819723,0.19
14,1921,211853,6567443,0.15
161,1992,1503,72144,0.32
161,651,1499,68954,0.19
63,1451,869014,49533798,0.14
148,1108,497256,4972560,0.38
162,108,1500,45000,0.25
74,146,923378,48939034,0.36
74,1777,568606,18195392,0.14
67,1266,284663,8539890,0.32
65,1647,371222,2598554,0.36
149,1610,204008,10608416,0.25
57,688,290124,13635828,0.12
158,1750,1495,89700,0.28
27,512,604527,26599188,0.28
161,236,1504,30080,0.34
162,702,1498,34454,0.42
99,1217,931261,14900176,0.25
158,1840,1504,37600,0.34
131,1973,606599,3032995,0.24
89,1381,886452,23934204,0.14
151,1998,781051,9372612,0.39
8,718,121208,7151272,0.15
69,1562,978158,46951584,0.22
146,401,130441,6652491,0.17
160,556,1998,43956,0.2
161,649,1501,57038,0.21
45,773,3368,90936,0.26
48,1221,219882,7036224,0.22
19,1762,175367,2455138,0.37
100,244,99229,3572244,0.33
159,1150,1511,36264,0.29
30,764,254658,7639740,0.34
162,761,1497,89820,0.22
108,1355,145532,1891916,0.25
102,1261,158247,4589163,0.23
8,288,573141,32669037,0.41
86,850,261570,14909490,0.47
159,1971,1505,27090,0.4
129,836,12712,355936,0.31
160,1703,1999,93953,0.47
159,1886,1506,58734,0.48
7,129,510020,18870740,0.21
128,604,555642,4445136,0.13
159,1036,1510,46810,0.44
89,1750,275520,16531200,0.32
67,1853,830590,18272980,0.39
66,888,774963,41848002,0.39
160,1517,1998,15984,0.26
161,907,1500,15000,0.27
159,1686,1512,7560,0.39
29,1508,752062,24065984,0.43
23,1804,243696,14134368,0.12
90,447,745824,35053728,0.12
28,70,890760,46319520,0.16
31,1241,453912,11347800,0.4
23,398,318196,12409644,0.31
150,234,972550,16533350,0.46
56,330,392365,17656425,0.3
158,1079,1498,41944,0.36
161,1784,1502,46562,0.44
48,484,213150,7247100,0.39
97,817,213948,2139480,0.22
159,1600,1510,12080,0.43
160,1032,2005,26065,0.39
159,1238,1513,87754,0.26
161,1236,1499,43471,0.15
114,1151,828320,22364640,0.26
0,718,155373,9167007,0.29
30,1689,43681,1310430,0.46
35,518,575756,20727216,0.34
158,3,1501,55537,0.35
123,1773,23569,1225588,0.23
54,1869,590238,15346188,0.4
14,533,792761,19819025,0.36
159,1225,1507,43703,0.12
91,1475,761810,36566880,0.28
38,1813,622684,6226840,0.34
7,900,322770,5809860,0.21
160,848,2000,36000,0.26
57,1492,242640,10918800,0.1
160,114,1997,67898,0.46
39,1517,111885,895080,0.35
30,1772,700866,32239836,0.22
159,260,1511,36264,0.4
50,1563,405377,8107540,0.3
58,610,748189,26934804,0.46
158,889,1502,76602,0.48
88,1228,911659,40112996,0.38
152,392,826976,12404640,0.13
87,617,737946,10331244,0.18
162,1025,1497,26946,0.44
158,590,1501,49533,0.21
5,488,719665,13673635,0.49
161,101,1503,33066,0.34
162,403,1496,38896,0.45
2,1913,276163,1656978,0.36
39,629,186524,7274436,0.16
127,1268,340714,3747854,0.28
160,1473,2002,42042,0.22
145,1221,1071,34272,0.43
67,1189,120479,1084311,0.24
153,413,960810,6725670,0.36
76,1483,911292,30072636,0.48
34,1638,479377,20613211,0.42
160,1897,1999,57971,0.14
107,1581,391579,13705265,0.19
162,1144,1502,24032,0.28
160,185,2005,28070,0.25
161,1652,1501,88559,0.32
73,1311,152718,4276104,0.14
72,1476,493835,9382865,0.18
47,1161,735198,37495098,0.24
161,1201,1497,41916,0.22
10,1815,231199,2080791,0.18
162,1811,1499,53964,0.18
137,319,303553,7892378,0.23
138,599,423817,20343216,0.14
134,107,573807,8607105,0.41
98,1705,400140,16805880,0.18
14,1489,911594,11850722,0.27
14,1078,657020,30222920,0.46
160,89,2004,100200,0.17
140,1795,304833,5791827,0.48
126,1493,707400,11318400,0.25
59,841,792104,19010496,0.19
160,1028,2006,92276,0.47
45,727,169534,7968098,0.41
37,517,908947,24541569,0.31
66,1345,587463,7049556,0.19
60,1385,6934,208020,0.43
158,968,1505,75250,0.34
135,463,389417,3894170,0.39
125,1666,840042,22681134,0.45
106,275,451318,26627762,0.2
56,1437,52180,2452460,0.29
134,447,125876,5916172,0.33
98,846,376895,8291690,0.13
47,835,329433,7247526,0.18
22,1310,504563,5550193,0.34
159,239,1507,25619,0.11
130,1148,753509,7535090,0.35
122,328,362250,9418500,0.36
37,725,818890,13921130,0.26
159,1242,1509,30180,0.37
105,1504,303730,8200710,0.14
111,279,150815,4222820,0.41
41,417,939002,28170060,0.26
160,871,1998,107892,0.14
85,1573,43403,303821,0.18
158,1153,1500,88500,0.29
158,20,1498,7490,0.41
159,1461,1511,39286,0.33
71,299,331867,15929616,0.44
112,378,868927,15640686,0.36
161,1216,1495,28405,0.49
158,197,1505,18060,0.23
160,1944,2001,28014,0.32
147,936,197280,9864000,0.37
81,1948,147725,6352175,0.5
159,1567,1514,28766,0.24
160,490,1997,105841,0.16
48,795,570766,15410682,0.36
35,1938,70351,984914,0.35
158,1708,1502,45060,0.28
96,1563,41156,823120,0.19
33,188,168130,5212030,0.45
5,339,496612,8442404,0.38
75,348,366203,16479135,0.15
162,613,1500,87000,0.13
99,599,194067,9315216,0.38
162,856,1500,39000,0.31
159,1730,1512,42336,0.4
69,1615,580200,12764400,0.41
38,283,837028,9207308,0.41
36,1738,180847,3436093,0.36
52,798,128873,4381682,0.5
37,1516,718125,17953125,0.11
162,974,1500,37500,0.46
36,1675,941109,30115488,0.15
58,1091,743470,17843280,0.13
148,1771,709267,35463350,0.23
86,1094,192811,2892165,0.11
162,1162,1501,37525,0.32
131,1465,838324,17604804,0.13
0,430,368848,9221200,0.12
155,117,875777,42037296,0.41
160,276,1997,65901,0.13
65,723,407900,14276500,0.27
116,1549,156425,2033525,0.48
71,635,164859,1648590,0.47
159,1095,1515,39390,0.26
57,1166,765155,10712170,0.43
56,619,65155,2150115,0.17
142,1854,594147,31489791,0.37
10,915,80653,3145467,0.38
161,1116,1496,88264,0.35
161,1950,1499,68954,0.33
161,766,1498,83888,0.4
83,1730,41149,1152172,0.31
161,1752,1498,89880,0.39
160,768,2002,20020,0.32
161,790,1498,76398,0.27
9,154,37939,1176109,0.24
161,1888,1502,15020,0.15
103,813,175022,4375550,0.18
159,1141,1510,90600,0.27
159,415,1511,12088,0.33
161,1649,1506,34638,0.17
42,1863,553549,24356156,0.41
159,1004,1508,88972,0.23
77,253,599964,2999820,0.26
113,1404,595044,17256276,0.13
161,185,1495,20930,0.36
94,247,338107,7100247,0.36
162,265,1503,25551,0.39
160,429,2003,78117,0.37
70,1611,12754,675962,0.45
43,1009,546275,14203150,0.34
97,319,837190,21766940,0.23
153,1223,240060,7201800,0.39
39,1396,233633,12616182,0.48
123,1528,818259,10637367,0.37
158,1410,1497,71856,0.15
159,1209,1507,33154,0.16
158,794,1500,15000,0.23
142,1907,824096,24722880,0.42
155,996,162438,5847768,0.27
161,1791,1501,36024,0.48
116,1803,301618,2111326,0.33
161,1982,1502,43558,0.18
160,1119,1992,89640,0.49
160,1230,2001,68034,0.4
61,1362,42468,1528848,0.49
161,1381,1505,40635,0.13
162,130,1504,13536,0.19
45,1396,410548,22169592,0.25
107,1979,263185,10790585,0.11
158,1836,1499,61459,0.35
89,1526,612240,18367200,0.39
0,1359,380863,19804876,0.23
158,1456,1502,10514,0.25
162,352,1504,18048,0.33
162,704,1496,29920,0.38
14,151,765638,33688072,0.19
17,388,134910,1753830,0.45
156,394,203744,9168480,0.45
162,1481,1494,22410,0.19
10,61,93583,3462571,0.25
159,1571,1511,48352,0.36
161,1147,1502,12016,0.49
59,826,978973,26432271,0.43
111,1871,390462,7418778,0.43
161,364,1500,58500,0.17
136,1947,460399,24401147,0.44
158,237,1499,74950,0.5
30,1298,264370,15597830,0.37
99,1401,465883,3727064,0.49
128,1936,814700,21996900,0.31
60,534,461666,14773312,0.28
160,1836,2001,82041,0.18
148,1354,333883,15024735,0.18
10,639,121292,6792352,0.21
86,1127,187156,5240368,0.25
158,577,1509,34707,0.3
115,790,965313,49230963,0.13
162,153,1495,61295,0.29
95,1721,107464,2686600,0.2
162,214,1501,9006,0.34
50,1067,372179,10793191,0.2
129,294,600836,15020900,0.49
158,1275,1503,88677,0.21
141,286,492548,14283892,0.37
16,1004,226677,13373943,0.13
160,1510,1999,69965,0.25
9,503,619141,21669935,0.4
119,1668,612148,3060740,0.19
160,446,2000,60000,0.19
25,1997,195609,4499007,0.46
149,1417,570209,13685016,0.4
6,46,204316,9807168,0.42
161,1229,1497,88323,0.39
53,1176,518483,14517524,0.12
26,592,207901,12266159,0.36
159,487,1510,42280,0.49
7,1444,426011,2130055,0.34
146,1717,895266,47449098,0.36
122,1076,587144,7632872,0.1
87,1136,296167,5034839,0.2
161,16,1502,70594,0.47
89,219,870930,28740690,0.42
115,1219,272140,9252760,0.3
40,1894,885621,39852945,0.13
5,1154,332577,8647002,0.4
161,1187,1507,90420,0.39
142,1825,646293,12925860,0.13
136,1205,515104,8241664,0.25
162,1587,1501,36024,0.32
24,1146,271024,7046624,0.17
157,1750,515950,30957000,0.42
110,523,700774,20322446,0.15
19,446,715397,21461910,0.3
2,1098,815968,8975648,0.43
107,1929,33272,665440,0.5
118,470,227925,1823400,0.15
162,1470,1500,48000,0.5
9,554,962505,57750300,0.19
61,1165,919878,43234266,0.24
119,1658,65869,1778463,0.28
162,127,1494,20916,0.41
86,1574,793565,17458430,0.38
39,1686,278545,1392725,0.33
160,1084,2003,56084,0.47
20,1494,154932,8056464,0.24
158,1947,1503,79659,0.23
161,1450,1497,22455,0.42
161,429,1498,58422,0.23
152,179,945418,17962942,0.47
160,512,1995,87780,0.4
96,997,71194,4271640,0.14
162,1824,1501,25517,0.31
34,1531,78382,1175730,0.15
111,1738,548469,10420911,0.26
161,1757,1499,46469,0.18
128,1613,64981,1949430,0.43
161,1023,1498,37450,0.3
145,172,689631,14482251,0.46
17,1205,92028,1472448,0.37
70,1239,635652,31782600,0.49
161,1890,1500,31500,0.28
20,1541,651474,11075058,0.14
4,796,987671,39506840,0.17
108,1017,572483,17174490,0.44
162,218,1499,16489,0.49
135,659,730055,37962860,0.19
24,1982,368748,10693692,0.27
126,916,702718,34433182,0.28
160,787,2004,52104,0.17
160,1551,2004,116232,0.16
116,1187,937879,56272740,0.14
158,791,1507,24112,0.47
13,1542,413745,21100995,0.44
162,1152,1504,54144,0.41
83,799,398437,10757799,0.18
43,1118,895065,16111170,0.34
125,1187,308551,18513060,0.26
159,1704,1510,57380,0.21
3,928,405564,5272332,0.21
10,1143,722702,20958358,0.17
159,1742,1511,52885,0.28
35,284,932403,48484956,0.38
159,969,1509,43761,0.42
159,285,1510,10570,0.33
154,388,429331,5581303,0.19
124,710,796279,7962790,0.21
80,254,36508,1387304,0.44
162,79,1499,7495,0.15
140,1055,986354,15781664,0.39
17,1414,327023,3597253,0.46
130,1405,625760,14392480,0.21
106,543,379031,7959651,0.38
40,672,622966,13082286,0.35
106,371,303391,3033910,0.36
160,602,1999,17991,0.33
162,817,1503,15030,0.2
102,377,132670,3582090,0.32
18,1827,204718,5322668,0.28
158,688,1500,70500,0.24
16,835,857067,18855474,0.13
158,1817,1497,77844,0.38
161,1267,1498,13482,0.17
30,1934,371267,4826471,0.13
33,644,303495,8497860,0.16
159,990,1511,21154,0.19
56,1276,95035,3801400,0.32
160,1410,1996,95808,0.43
143,1780,453723,12704244,0.1
158,597,1495,10465,0.38
161,577,1503,34569,0.48
161,544,1505,70735,0.3
160,1706,2001,66033,0.35
54,1919,694730,5557840,0.34
112,1939,949142,21830266,0.2
49,325,599650,14991250,0.43
161,1612,1502,31542,0.22
139,1034,497275,14420975,0.33
136,388,73990,961870,0.19
53,482,770061,31572501,0.44
97,1694,675798,9461172,0.46
162,1895,1502,84112,0.44
91,1683,850854,49349532,0.43
95,1629,655021,8515273,0.21
71,1955,303019,2727171,0.25
1,1609,311799,4365186,0.1
14,1828,439069,16684622,0.15
112,1078,630483,29002218,0.29
158,1859,1497,19461,0.3
162,631,1495,62790,0.43
160,126,1996,73852,0.3
26,863,148912,2084768,0.14
161,1179,1497,32934,0.11
29,101,658434,14485548,0.11
59,369,571915,16013620,0.21
113,1521,270074,7291998,0.45
159,516,1511,28709,0.15
133,454,648367,23989579,0.36
159,1830,1511,37775,0.14
158,1914,1495,85215,0.46
82,1764,331574,9615646,0.36
43,1472,53539,2944645,0.48
158,1003,1500,21000,0.47
158,513,1501,13509,0.3
20,717,829398,39811104,0.42
2,1110,641433,17318691,0.27
162,1881,1501,28519,0.4
6,1285,990371,4951855,0.2
56,461,458546,5961098,0.28
134,1520,699306,19580568,0.33
17,1894,732022,32940990,0.49
159,706,1512,27216,0.16
92,1791,213763,5130312,0.18
121,780,185430,5377470,0.2
74,386,43777,1444641,0.21
133,1293,583787,28605563,0.25
28,1460,520699,27076348,0.43
27,893,198948,5769492,0.29
158,1781,1499,50966,0.28
84,592,133922,7901398,0.32
159,1537,1508,13572,0.35
161,1091,1502,36048,0.29
103,481,554310,10531890,0.31
72,68,46721,2663097,0.33
63,1196,241075,6750100,0.22
160,1175,2002,66066,0.32
39,953,590433,21255588,0.29
162,40,1499,74950,0.43
28,1074,962252,51961608,0.26
160,841,1995,47880,0.26
15,1436,107932,4317280,0.2
44,1693,837718,48587644,0.46
159,1718,1509,18108,0.14
157,1599,761425,44924075,0.48
37,145,840534,6724272,0.39
45,1499,453853,16338708,0.15
134,1299,741046,37052300,0.42
144,594,266510,10393890,0.21
125,907,845962,8459620,0.43
70,1376,960203,25925481,0.49
154,726,272855,11187055,0.46
1,1304,570219,15966132,0.18
158,1485,1500,82500,0.27
68,1520,65153,1824284,0.31
40,234,188474,3204058,0.37
45,895,339379,8823854,0.47
73,1652,210793,12436787,0.32
111,943,410883,11093841,0.19
159,825,1515,45450,0.26
64,19,354002,18408104,0.28
10,44,98081,2059701,0.47
158,758,1500,13500,0.23
64,736,231024,6699696,0.3
85,784,403071,14913627,0.41
63,651,463328,21313088,0.15
162,875,1502,37550,0.17
52,1034,526528,15269312,0.19
158,1453,1500,43500,0.25
162,190,1496,23936,0.1
158,1573,1504,10528,0.23
29,1666,854211,23063697,0.38
161,1433,1503,37575,0.21
87,1149,140296,6593912,0.25
76,1132,509932,14278096,0.35
44,1167,409508,5323604,0.4
74,23,487377,20469834,0.43
10,1203,826961,19020103,0.26
40,1026,603268,4222876,0.3
162,1331,1501,33022,0.4
30,1267,815327,7337943,0.31
113,1295,205660,3496220,0.22
151,1386,503056,11570288,0.42
86,949,646204,37479832,0.45
158,249,1500,7500,0.2
93,36,411099,9866376,0.16
159,1655,1509,61869,0.46
11,37,305825,7033975,0.4
81,898,933791,4668955,0.46
161,1451,1497,85329,0.25
160,677,1999,35982,0.21
123,1324,363627,5818032,0.12
87,1739,226513,1132565,0.2
82,885,863191,31938067,0.38
139,84,2854,19978,0.46
133,1377,333521,5336336,0.15
52,1526,499962,14998860,0.34
57,1184,545117,30526552,0.46
63,137,544153,12515519,0.5
158,677,1498,26964,0.44
104,738,219319,2851147,0.32
55,1240,285045,9406485,0.42
158,729,1507,22605,0.48
57,313,997662,54871410,0.44
48,19,790664,41114528,0.17
105,626,321294,2891646,0.43
150,342,19933,578057,0.48
158,865,1496,67320,0.19
158,1735,1499,29980,0.49
7,98,539720,30764040,0.26
160,1155,1998,13986,0.41
85,482,642689,26350249,0.27
162,1086,1501,43529,0.43
48,23,789430,33156060,0.47
19,1638,901541,38766263,0.17
46,147,18891,528948,0.11
114,1799,793887,17465514,0.31
75,1384,464255,24141260,0.22
160,644,2000,56000,0.46
124,384,969703,17454654,0.31
37,74,396340,9512160,0.41
158,77,1501,22515,0.14
159,1608,1511,89149,0.19
68,239,886183,15065111,0.16
45,1596,945934,25540218,0.46
161,1282,1507,30140,0.15
158,577,1497,34431,0.19
86,1580,784584,40798368,0.39
160,529,2002,28028,0.42
141,624,472977,3783816,0.14
160,751,2001,58029,0.12
23,546,261761,14396855,0.3
162,375,1503,16533,0.13
8,1791,816488,19595712,0.16
159,1127,1508,42224,0.27
160,1220,1996,25948,0.29
40,1712,64636,452452,0.28
128,1164,383035,20683890,0.17
161,483,1499,10493,0.46
160,75,2000,44000,0.27
36,112,908208,20888784,0.12
70,1128,544223,17415136,0.35
159,1396,1511,81594,0.4
160,721,1998,45954,0.43
161,741,1501,51034,0.4
4,1402,412350,3711150,0.27
72,1414,122351,1345861,0.28
118,156,918816,34915008,0.4
105,1494,432611,22495772,0.16
39,1826,986179,5917074,0.36
158,1701,1501,58539,0.21
72,929,240651,12995154,0.19
59,1700,262765,6831890,0.14
97,464,811102,22710856,0.11
158,1631,1498,56924,0.4
128,844,155290,8851530,0.39
161,937,1498,38948,0.35
47,453,25914,362796,0.14
93,17,204999,4099980,0.37
68,1674,499782,11994768,0.48
112,706,907496,16334928,0.17
159,614,1507,24112,0.32
134,597,865352,6057464,0.49
67,300,161486,2745262,0.48
49,122,795557,34208951,0.3
110,282,671368,34911136,0.17
26,545,455157,13199553,0.23
64,473,906584,22664600,0.49
22,1609,712664,9977296,0.29
162,1818,1497,64371,0.32
159,511,1509,54324,0.19
162,1831,1503,37575,0.44
160,1731,2004,118236,0.23
32,891,263836,8706588,0.16
41,978,817618,17169978,0.22
53,1311,953556,26699568,0.4
66,1262,710992,3554960,0.41
61,875,21334,533350,0.41
79,572,379855,19372605,0.17
97,1908,273769,14509757,0.5
21,1936,905329,24443883,0.37
132,262,709035,17725875,0.27
54,897,282496,15819776,0.42
37,1753,653000,10448000,0.26
37,1152,130150,4685400,0.32
162,829,1503,16533,0.21
69,341,346851,20811060,0.39
38,1812,938322,29087982,0.25
26,120,692985,27719400,0.32
64,956,587842,9993314,0.38
158,1267,1500,13500,0.31
81,357,820842,46787994,0.3
1,1377,219525,3512400,0.22
162,969,1497,43413,0.11
126,238,163489,3269780,0.21
83,1596,864063,23329701,0.15
158,288,1497,85329,0.31
159,1791,1510,36240,0.17
9,1418,45319,679785,0.43
121,1208,147555,2213325,0.22
7,1446,659291,39557460,0.17
95,936,920193,46009650,0.45
65,1989,172679,3108222,0.22
159,916,1506,73794,0.43
128,1107,894123,5364738,0.29
85,387,420176,5882464,0.29
62,19,307826,16006952,0.17
100,1445,545463,20182131,0.41
159,1481,1507,22605,0.29
118,1505,857663,10291956,0.1
118,1165,361560,16993320,0.19
162,679,1500,70500,0.13
160,1971,1998,35964,0.18
98,317,786118,8647298,0.11
3,1115,493330,21213190,0.43
100,1795,497598,9454362,0.15
88,1522,691730,15909790,0.48
162,740,1500,37500,0.43
140,186,20466,1105164,0.12
159,284,1505,78260,0.35
140,930,544737,22878954,0.3
38,1588,613191,28819977,0.33
133,1247,232465,9298600,0.11
23,1713,542092,14636484,0.47
158,977,1501,25517,0.48
149,1734,501277,11028094,0.25
59,1517,31553,252424,0.31
83,1495,545316,13087584,0.25
82,255,844944,43937088,0.41
121,1707,119763,3473127,0.11
86,467,119931,719586,0.43
84,1485,372919,20510545,0.12
160,1476,1997,37943,0.21
140,746,451411,13542330,0.19
0,315,826969,4961814,0.36
153,952,754475,22634250,0.33
56,1635,689687,20690610,0.42
159,846,1506,33132,0.38
68,1100,818737,35205691,0.36
162,21,1500,22500,0.28
161,934,1499,44970,0.19
22,1990,545889,9280113,0.27
26,623,76176,1904400,0.17
52,1997,605337,13922751,0.12
160,725,1996,33932,0.28
123,7,538768,6465216,0.24
40,196,841990,15997810,0.25
36,1562,623546,29930208,0.3
61,391,528066,28515564,0.47
41,179,436831,8299789,0.44
45,266,661586,27125026,0.33
120,1135,804561,45055416,0.36
90,421,504453,19169214,0.31
99,1179,643174,14149828,0.2
7,1671,242314,9207932,0.14
158,1873,1497,16467,0.15
62,1100,320889,13798227,0.3
96,932,51446,1491934,0.12
56,737,581739,3490434,0.4
31,902,779563,45214654,0.43
22,270,655198,29483910,0.27
160,743,2000,96000,0.46
162,44,1501,31521,0.12
160,636,1997,41937,0.25
58,1142,977446,40075286,0.4
142,95,487146,10230066,0.18
38,1988,104704,2198784,0.37
159,87,1505,54180,0.35
96,959,588490,3530940,0.49
147,1678,973966,35062776,0.18
160,1141,1997,119820,0.41
158,76,1496,77792,0.28
37,1359,24259,1261468,0.41
162,1715,1501,73549,0.49
144,1410,194778,9349344,0.29
149,27,754487,39233324,0.44
82,1299,195508,9775400,0.21
160,577,2001,46023,0.47
162,1076,1499,19487,0.15
159,949,1510,87580,0.17
62,1827,101720,2644720,0.15
8,1760,564892,19771220,0.41
58,1714,728861,21865830,0.32
162,1379,1504,13536,0.15
30,1541,488449,8303633,0.39
159,425,1508,54288,0.28
158,83,1495,43355,0.29
74,229,830603,14950854,0.33
145,1318,594987,32724285,0.43
158,983,1501,37525,0.13
11,757,154726,4022876,0.19
2,1333,92013,3220455,0.38
158,503,1499,52465,0.16
131,906,59283,1363509,0.19
158,1013,1498,29960,0.45
85,901,45640,273840,0.3
96,41,494532,3956256,0.32
160,383,2001,96048,0.44
54,305,805764,11280696,0.46
79,147,344201,9637628,0.41
68,290,507814,14726606,0.17
162,472,1500,42000,0.48
158,732,1503,31563,0.42
162,112,1500,34500,0.37
47,235,533128,20258864,0.31
108,1569,523384,12561216,0.29
156,1825,318229,6364580,0.24
26,1449,892034,38357462,0.45
21,334,213191,3837438,0.25
162,494,1497,43413,0.49
82,1937,427735,15826195,0.45
161,1225,1504,43616,0.21
151,431,67125,469875,0.27
122,1953,454855,23652460,0.37
16,1439,319319,6067061,0.26
150,1837,957656,54586392,0.21
102,251,413263,10331575,0.4
63,448,729821,19705167,0.17
31,1347,542436,2712180,0.15
39,393,317115,12367485,0.36
51,1031,497622,21895368,0.29
162,1768,1504,55648,0.23
144,945,994763,48743387,0.1
118,194,446350,2678100,0.37
132,1463,816716,17151036,0.4
160,90,1998,117882,0.28
131,636,144901,3042921,0.4
39,1734,681442,14991724,0.37
162,1591,1499,67455,0.39
156,595,497080,3976640,0.18
160,12,2000,26000,0.17
161,1604,1498,17976,0.32
160,658,1998,41958,0.16
77,1454,78707,1023191,0.46
160,1642,1998,39960,0.47
158,661,1496,20944,0.35
31,1859,188872,2455336,0.45
158,1519,1502,51068,0.35
158,604,1496,11968,0.18
19,806,391304,3913040,0.14
79,949,403548,23405784,0.29
60,1410,952844,45736512,0.32
162,1169,1496,22440,0.3
39,407,553817,27690850,0.24
15,226,588541,17067689,0.45
120,986,179696,1257872,0.23
10,1561,183055,5857760,0.36
55,299,737495,35399760,0.15
162,182,1502,42056,0.15
148,38,388964,22559912,0.14
26,1440,16063,449764,0.28
36,1111,740982,17783568,0.49
147,1788,880629,14090064,0.3
130,1429,454462,21359714,0.17
27,110,753738,15074760,0.36
158,1548,1497,38922,0.26
158,1049,1500,45000,0.39
162,1568,1501,36024,0.1
44,1143,343247,9954163,0.14
80,128,873769,31455684,0.15
161,779,1500,88500,0.47
66,1092,130376,4954288,0.39
161,192,1502,46562,0.29
68,1351,764292,45093228,0.16
45,438,780578,17953294,0.17
18,579,702430,11941310,0.1
15,1715,793187,38866163,0.2
77,1986,138546,4156380,0.19
161,988,1503,64629,0.15
162,1697,1501,73549,0.15
90,207,894760,44738000,0.11
7,260,227362,5456688,0.25
161,1931,1498,32956,0.11
161,1383,1501,43529,0.48
80,972,935264,13093696,0.39
137,979,24769,1164143,0.34
55,1624,388247,19800597,0.4
21,1741,337152,18206208,0.12
57,1694,76055,1064770,0.45
95,1199,33764,303876,0.17
32,720,188511,4524264,0.33
5,613,463170,26863860,0.32
158,1107,1497,8982,0.21
73,266,681373,27936293,0.38
14,1589,410437,24626220,0.35
103,1409,436139,4797529,0.12
67,1183,432984,3463872,0.33
78,30,556061,14457586,0.29
108,373,729247,6563223,0.16
154,1401,323412,2587296,0.13
14,1220,695670,9043710,0.14
162,1326,1497,53892,0.43
88,184,41257,371313,0.11
23,474,545415,2727075,0.21
160,522,1999,39980,0.42
30,1620,175818,2813088,0.2
8,1244,389405,12850365,0.43
39,569,543284,27164200,0.19
159,1709,1512,12096,0.49
158,281,1503,7515,0.35
64,1344,238086,1190430,0.45
21,715,974670,30214770,0.32
53,1922,332944,2663552,0.11
131,546,958214,52701770,0.16
155,646,503592,4028736,0.3
155,1520,953131,26687668,0.4
70,1921,847818,26282358,0.18
42,1593,901416,23436816,0.22
148,181,51236,2203148,0.3
75,1887,815006,48085354,0.29
107,1391,616263,27731835,0.45
111,1530,377652,19637904,0.48
161,1406,1506,34638,0.14
35,190,893261,14292176,0.48
83,807,306895,12582695,0.2
158,867,1502,76602,0.45
13,1675,179838,5754816,0.4
162,1935,1501,43529,0.41
160,1156,2004,32064,0.48
7,1563,233105,4662100,0.19
74,739,449190,13026510,0.11
161,463,1503,15030,0.37
161,1325,1501,82555,0.29
162,668,1501,49533,0.28
110,1843,656673,35460342,0.45
158,1798,1498,25466,0.16
162,116,1502,52570,0.22
72,240,357678,15022476,0.44
160,1837,2007,114399,0.42
159,634,1512,66528,0.45
138,1509,304026,18241560,0.13
86,1534,959626,47021674,0.48
85,806,34557,345570,0.34
160,1345,2003,24036,0.34
108,680,673565,19533385,0.47
161,1961,1503,42084,0.39
162,381,1497,44910,0.21
64,1272,284363,2559267,0.16
144,151,451599,19870356,0.18
159,410,1511,13599,0.12
159,617,1515,21210,0.4
105,1781,794843,27024662,0.17
99,750,675357,20936067,0.3
96,434,938958,9389580,0.37
161,1141,1504,90240,0.38
106,657,155798,6387718,0.12
101,854,437488,13124640,0.44
10,740,410685,10267125,0.46
34,1436,766627,30665080,0.39
48,461,336018,4368234,0.45
65,1124,45889,826002,0.12
160,198,2001,20010,0.16
159,1643,1516,21224,0.14
158,695,1493,7465,0.11
58,261,820055,25421705,0.16
127,408,392234,11374786,0.46
160,513,1996,17964,0.28
112,1846,590825,27768775,0.5
162,214,1494,8964,0.1
37,1997,473629,10893467,0.17
25,1716,759358,19743308,0.26
161,512,1506,66264,0.49
153,1839,63058,3468190,0.31
82,370,999938,45997148,0.28
160,174,1999,55972,0.35
118,27,684167,35576684,0.16
158,1005,1498,44940,0.5
162,414,1495,22425,0.19
0,140,537990,15063720,0.23
106,1804,679988,39439304,0.43
160,423,2003,38057,0.48
161,1353,1501,9006,0.16
26,1530,360753,18759156,0.39
78,1719,600427,20414518,0.36
93,1962,940656,29160336,0.17
23,101,910033,20020726,0.16
94,1134,552253,20433361,0.3
124,1461,668176,17372576,0.47
61,513,877286,7895574,0.46
159,394,1513,68085,0.43
52,1139,245285,4169845,0.48
90,1362,478550,17227800,0.5
125,567,566930,7937020,0.21
63,1191,472377,6613278,0.21
160,1491,2003,116174,0.29
161,1301,1502,78104,0.32
159,1934,1510,19630,0.36
44,1117,705804,33172788,0.19
58,932,119184,3456336,0.32
180,81,715746,13599174,0.13
181,1072,885051,32746887,0.32
182,1981,194353,10300709,0.18
183,880,213199,3411184,0.29
184,1671,597571,22707698,0.25
185,1132,15123,423444,0.33
186,899,401149,20859748,0.28
187,744,727852,18924152,0.46
188,1501,270225,2702250,0.26
189,62,483478,23690422,0.25
190,1933,541325,9202525,0.19
191,2041,748146,23940672,0.4
192,755,647187,16179675,0.36
193,1443,508572,27971460,0.38
194,837,873731,6116117,0.16
195,977,345474,5873058,0.25
196,403,491170,12770420,0.39
197,1899,32637,750651,0.17
198,2017,324890,5523130,0.31
199,821,441089,26465340,0.46
200,365,806626,15325894,0.16
201,1454,537846,6991998,0.42
202,123,596367,9541872,0.44
