video_id,path,duration
2000,/videos/2020-02-03/barters-unsteadies.mp4,30
2001,/root/bucket2/halogenation-dandyfunks.mp4,22
2002,/media/hazarding-undersize.mp4,17
2003,/videos/2020-02-01/semilethal-vidimuses.mp4,24
2004,/root/bucket1/axoplasms-daman.mp4,16
2005,/root/bucket4/heaths-platinised.mp4,52
2006,/root/bucket1/oanshagh-hindquarters.mp4,8
2007,/root/bucket4/ecoterrorism-doggedness.mp4,56
2008,/media/dull-rigling.mp4,56
2009,/videos/2020-02-03/carboyed-microcyte.mp4,19
2010,/videos/2020-02-01/chinwag-defrags.mp4,50
2011,/media/italicisation-drinkablenesses.mp4,8
2012,/root/bucket3/faineances-panpsychists.mp4,17
2013,/videos/2020-02-03/whimpering-zombified.mp4,9
2014,/videos/2020-02-02/hemitropous-semiofficially.mp4,11
2015,/root/bucket3/dalliances-orgastic.mp4,48
2016,/root/bucket1/panharmonicon-emulatively.mp4,18
2017,/root/bucket5/abundance-plottered.mp4,17
2018,/videos/2020-02-02/insouled-countermeasures.mp4,37
2019,/videos/2020-02-04/coltishnesses-compearances.mp4,50
2020,/videos/2020-02-02/dionysian-shrimping.mp4,26
2021,/root/bucket1/leaking-sphygmus.mp4,45
2022,/videos/2020-02-02/punitory-otorhinolaryngologists.mp4,31
2023,/media/incognitas-asepticise.mp4,33
2024,/root/bucket1/depopulating-graips.mp4,53
2025,/root/bucket4/tretinoins-fisheries.mp4,41
2026,/root/bucket1/flashlamps-oligarchically.mp4,19
2027,/root/bucket5/enmeshments-rogued.mp4,37
2028,/root/bucket3/heterokont-publicans.mp4,35
2029,/root/bucket4/saltness-savates.mp4,12
2030,/videos/2020-02-04/strewments-calceolarias.mp4,31
2031,/videos/2020-02-04/unlet-neurulas.mp4,44
2032,/root/bucket1/nonathlete-overtreated.mp4,9
2033,/videos/2020-02-02/actualizes-sanest.mp4,21
2034,/root/bucket3/cagyness-ferine.mp4,34
2035,/root/bucket2/selenographer-improvidence.mp4,32
2036,/videos/2020-02-01/bibliothecae-blackjack.mp4,22
2037,/media/achromatization-saffian.mp4,48
2038,/root/bucket1/retrospecting-optics.mp4,28
2039,/root/bucket4/musicotherapies-decretive.mp4,43
2040,/videos/2020-02-04/dirigiste-protist.mp4,46
2041,/root/bucket1/dueled-antibioses.mp4,32
2042,/root/bucket2/scoreboards-preselections.mp4,50
2043,/media/insouled-countermeasures.mp4,28
2044,/videos/2020-02-01/prohibitiveness-peptids.mp4,22
2045,/videos/2020-02-01/checkroom-graffiting.mp4,38
2046,/videos/2020-02-02/refutal-heterocyclics.mp4,44
2047,/root/bucket3/inundated-gutsers.mp4,15
2048,/videos/2020-02-02/crankcase-nonequilibria.mp4,33
2049,/videos/2020-02-01/fixities-madtom.mp4,39
2050,/videos/2020-02-03/manchineel-yellings.mp4,56
2051,/root/bucket1/loggish-beelining.mp4,11
2052,/root/bucket5/emfs-swoffer.mp4,21
2053,/root/bucket5/convexity-pinchbugs.mp4,23
2054,/root/bucket2/otiosities-benzols.mp4,20
2055,/root/bucket1/perscrutations-kenosises.mp4,16
2056,/videos/2020-02-02/effulgence-deckers.mp4,36
2057,/root/bucket5/newsgroup-degenerateness.mp4,8
2058,/videos/2020-02-02/puce-nonhereditary.mp4,12
2059,/root/bucket1/overextravagant-guanazolos.mp4,58
2060,/videos/2020-02-03/redhanded-flustery.mp4,16
2061,/videos/2020-02-02/noncomputerized-hillocks.mp4,17
2062,/root/bucket2/imparting-urinometer.mp4,17
2063,/videos/2020-02-01/undepreciated-dankly.mp4,40
2064,/videos/2020-02-01/asquat-waybreads.mp4,7
2065,/videos/2020-02-03/secularizers-ophiomorph.mp4,48
2066,/videos/2020-02-02/weisenheimer-paronymic.mp4,16
2067,/root/bucket4/deejay-haemocyte.mp4,38
2068,/root/bucket2/silphium-outsoars.mp4,12
2069,/root/bucket3/gorilla-vicugnas.mp4,36
2070,/root/bucket3/unbury-buckers.mp4,32
2071,/videos/2020-02-04/geo-intergranular.mp4,33
2072,/root/bucket2/farfetchedness-overcapitalize.mp4,42
2073,/root/bucket1/butane-thatches.mp4,52
2074,/videos/2020-02-03/tarantaras-cid.mp4,6
2075,/root/bucket4/multitudes-bedticks.mp4,49
2076,/media/preheats-haole.mp4,54
2077,/videos/2020-02-03/vellicative-chemisorb.mp4,47
2078,/media/outdrinks-apoptoses.mp4,21
2079,/media/phycocyanin-meritocratic.mp4,48
2080,/videos/2020-02-04/employing-batsman.mp4,37
2081,/root/bucket3/oiks-expectedness.mp4,11
2082,/root/bucket2/horopter-pindown.mp4,30
2083,/media/cabezon-epileptically.mp4,28
2084,/videos/2020-02-03/paviors-devotionists.mp4,21
2085,/videos/2020-02-03/bilabiate-belittler.mp4,60
2086,/root/bucket2/monolatrist-bankrollers.mp4,21
2087,/videos/2020-02-03/unequitable-seismometer.mp4,27
2088,/videos/2020-02-01/panzerotto-frangipanni.mp4,36
2089,/videos/2020-02-04/cocks-sarrasins.mp4,54
2090,/root/bucket5/incommutability-chromed.mp4,7
2091,/root/bucket5/thiophens-disgruntling.mp4,58
2092,/videos/2020-02-04/screeted-conflates.mp4,6
2093,/media/eastlin-carbonadoing.mp4,13
2094,/root/bucket5/banal-likest.mp4,43
2095,/videos/2020-02-01/centrefolds-churr.mp4,41
2096,/videos/2020-02-03/sparoid-refinish.mp4,38
2097,/root/bucket1/mitched-micromanipulations.mp4,60
2098,/media/aerotactic-bypass.mp4,32
2099,/root/bucket1/squiresses-bigheadedness.mp4,36
137,/root/bucket1/chats-conditionate-short.mp4,23
1462,/videos/2020-02-03/chats-conditionate-long.mp4,50
666,/root/bucket5/isomerizing-louma-short.mp4,19
860,/root/bucket5/isomerizing-louma-long.mp4,25
7,/videos/2020-02-04/tipcat-preorder-short.mp4,12
1597,/root/bucket1/tipcat-preorder-long.mp4,48
579,/root/bucket3/incipient-mumpishly-short.mp4,17
668,/root/bucket1/incipient-mumpishly-long.mp4,33
1541,/root/bucket3/xylorimbas-drosophilas-short.mp4,17
1432,/root/bucket4/xylorimbas-drosophilas-long.mp4,54
1421,/media/disloyalties-modulates-short.mp4,7
1397,/root/bucket1/disloyalties-modulates-long.mp4,54
962,/root/bucket4/scoreboards-preselections-short.mp4,27
1271,/videos/2020-02-03/scoreboards-preselections-long.mp4,59
1543,/media/tiptop-stummel-short.mp4,10
554,/root/bucket2/tiptop-stummel-long.mp4,60
923,/root/bucket3/also-subovate-short.mp4,7
987,/videos/2020-02-04/also-subovate-long.mp4,37
1770,/root/bucket5/stimy-cathodically-short.mp4,16
1145,/root/bucket2/stimy-cathodically-long.mp4,43
1249,/root/bucket4/basher-jarping-short.mp4,7
971,/root/bucket3/basher-jarping-long.mp4,27
285,/videos/2020-02-01/nonresident-scrofulously-short.mp4,7
1891,/root/bucket4/nonresident-scrofulously-long.mp4,48
1160,/root/bucket5/reembark-avoidance-short.mp4,23
976,/root/bucket5/reembark-avoidance-long.mp4,51
127,/root/bucket4/electrophysiologically-toothless-short.mp4,14
1097,/root/bucket5/electrophysiologically-toothless-long.mp4,40
470,/videos/2020-02-03/salmagundi-excommunications-short.mp4,8
440,/media/salmagundi-excommunications-long.mp4,46
1853,/videos/2020-02-01/elasticness-bandager-short.mp4,22
1423,/videos/2020-02-02/elasticness-bandager-long.mp4,47
1976,/root/bucket3/carboxylases-faint-short.mp4,23
386,/videos/2020-02-03/carboxylases-faint-long.mp4,33
28,/root/bucket1/redshirted-deflexional-short.mp4,11
613,/videos/2020-02-03/redshirted-deflexional-long.mp4,58
220,/root/bucket3/tarpon-hamartiology-short.mp4,25
490,/root/bucket3/tarpon-hamartiology-long.mp4,53
1143,/root/bucket3/praetorships-buggering-short.mp4,29
546,/media/praetorships-buggering-long.mp4,55
1935,/root/bucket3/lurch-galivant-short.mp4,29
370,/videos/2020-02-03/lurch-galivant-long.mp4,46
1340,/videos/2020-02-01/deflowering-insincerities-short.mp4,23
1542,/videos/2020-02-03/deflowering-insincerities-long.mp4,51
1982,/root/bucket4/bibliothecae-blackjack-short.mp4,29
1363,/root/bucket4/bibliothecae-blackjack-long.mp4,55
1467,/root/bucket5/prioritises-macromolecular-short.mp4,25
62,/videos/2020-02-04/prioritises-macromolecular-long.mp4,49
1851,/videos/2020-02-03/moleskin-depuratives-short.mp4,19
1178,/media/moleskin-depuratives-long.mp4,28
1826,/root/bucket1/liquidating-set-short.mp4,6
159,/root/bucket1/liquidating-set-long.mp4,39
1557,/root/bucket5/orchestraters-septentrional-short.mp4,10
1317,/root/bucket4/orchestraters-septentrional-long.mp4,35
1473,/media/retimed-stelleridan-short.mp4,21
834,/root/bucket1/retimed-stelleridan-long.mp4,30
1025,/media/accended-marooned-short.mp4,18
1102,/videos/2020-02-02/accended-marooned-long.mp4,59
1711,/root/bucket1/alexine-dapperer-short.mp4,15
1559,/videos/2020-02-04/alexine-dapperer-long.mp4,39
1594,/root/bucket3/nationalisms-anecdotist-short.mp4,5
1142,/root/bucket3/nationalisms-anecdotist-long.mp4,41
1398,/videos/2020-02-02/bichrome-confiseurs-short.mp4,11
1523,/root/bucket2/bichrome-confiseurs-long.mp4,46
600,/videos/2020-02-02/italicisation-drinkablenesses-short.mp4,21
993,/root/bucket4/italicisation-drinkablenesses-long.mp4,30
193,/root/bucket2/diplozoic-pellack-short.mp4,28
1560,/root/bucket1/diplozoic-pellack-long.mp4,60
1195,/videos/2020-02-01/disinvest-branders-short.mp4,10
639,/root/bucket3/disinvest-branders-long.mp4,56
1094,/videos/2020-02-03/flashlamps-oligarchically-short.mp4,15
711,/videos/2020-02-02/flashlamps-oligarchically-long.mp4,57
1829,/videos/2020-02-02/eyeshadows-disentrail-short.mp4,20
1149,/media/eyeshadows-disentrail-long.mp4,47
1805,/root/bucket4/multitudes-bedticks-short.mp4,23
771,/videos/2020-02-03/multitudes-bedticks-long.mp4,35
384,/root/bucket1/counterarguments-bagpiping-short.mp4,18
61,/videos/2020-02-04/counterarguments-bagpiping-long.mp4,37
842,/videos/2020-02-04/inundated-gutsers-short.mp4,10
902,/root/bucket3/inundated-gutsers-long.mp4,58
1454,/videos/2020-02-02/manoscopy-naifer-short.mp4,13
83,/root/bucket4/manoscopy-naifer-long.mp4,29
857,/media/cantharidic-misfires-short.mp4,28
1802,/root/bucket5/cantharidic-misfires-long.mp4,58
553,/media/supplicatory-dicrotism-short.mp4,27
27,/videos/2020-02-03/supplicatory-dicrotism-long.mp4,52
413,/videos/2020-02-03/iconolater-numerate-short.mp4,7
847,/root/bucket1/iconolater-numerate-long.mp4,40
1977,/videos/2020-02-03/librations-nichering-short.mp4,14
1726,/videos/2020-02-02/librations-nichering-long.mp4,40
1459,/root/bucket2/fumarolic-manyfold-short.mp4,22
509,/videos/2020-02-02/fumarolic-manyfold-long.mp4,48
1035,/root/bucket2/merceries-pyranoside-short.mp4,16
25,/root/bucket5/merceries-pyranoside-long.mp4,43
515,/root/bucket2/convexity-pinchbugs-short.mp4,22
1362,/videos/2020-02-02/convexity-pinchbugs-long.mp4,36
1211,/videos/2020-02-03/mollycoddles-gullying-short.mp4,22
1287,/videos/2020-02-01/mollycoddles-gullying-long.mp4,36
652,/videos/2020-02-01/faineances-panpsychists-short.mp4,7
219,/root/bucket4/faineances-panpsychists-long.mp4,33
1426,/media/howling-oeuvre-short.mp4,20
549,/root/bucket2/howling-oeuvre-long.mp4,25
701,/root/bucket5/weightlessness-underestimations-short.mp4,14
1894,/root/bucket3/weightlessness-underestimations-long.mp4,45
392,/videos/2020-02-03/microbiological-singing-short.mp4,15
618,/videos/2020-02-04/microbiological-singing-long.mp4,55
1203,/videos/2020-02-02/medics-funner-short.mp4,23
70,/videos/2020-02-03/medics-funner-long.mp4,52
1579,/videos/2020-02-03/finaliser-monohydric-short.mp4,12
368,/videos/2020-02-01/finaliser-monohydric-long.mp4,30
1003,/videos/2020-02-01/anopsia-sentimentalism-short.mp4,14
888,/media/anopsia-sentimentalism-long.mp4,54
1214,/root/bucket4/voltaic-interpolates-short.mp4,7
599,/videos/2020-02-04/voltaic-interpolates-long.mp4,48
1168,/videos/2020-02-04/beadiest-chorusmasters-short.mp4,9
1703,/root/bucket1/beadiest-chorusmasters-long.mp4,47
1073,/videos/2020-02-02/hules-belleters-short.mp4,20
1722,/root/bucket4/hules-belleters-long.mp4,60
12,/media/suppressed-gillnets-short.mp4,13
149,/root/bucket2/suppressed-gillnets-long.mp4,40
763,/media/tsardom-iodoforms-short.mp4,22
1042,/root/bucket3/tsardom-iodoforms-long.mp4,53
1788,/root/bucket2/guslar-lithiums-short.mp4,16
1863,/videos/2020-02-04/guslar-lithiums-long.mp4,44
1047,/root/bucket5/puns-vicarship-short.mp4,11
366,/root/bucket5/puns-vicarship-long.mp4,58
1604,/root/bucket2/tranquilize-supranationalisms-short.mp4,12
1948,/videos/2020-02-02/tranquilize-supranationalisms-long.mp4,43
416,/videos/2020-02-03/roughened-simonise-short.mp4,8
76,/media/roughened-simonise-long.mp4,52
1096,/root/bucket3/brashing-randomizations-short.mp4,5
1491,/root/bucket5/brashing-randomizations-long.mp4,58
742,/videos/2020-02-03/skyman-crossroad-short.mp4,23
1001,/root/bucket1/skyman-crossroad-long.mp4,33
927,/videos/2020-02-04/barters-unsteadies-short.mp4,20
5,/videos/2020-02-04/barters-unsteadies-long.mp4,35
67,/root/bucket2/abandonment-distinctness-short.mp4,11
448,/videos/2020-02-01/abandonment-distinctness-long.mp4,27
1516,/videos/2020-02-02/hefted-soliloquists-short.mp4,25
1010,/videos/2020-02-04/hefted-soliloquists-long.mp4,29
1585,/root/bucket3/vexillologies-echinuses-short.mp4,12
944,/videos/2020-02-02/vexillologies-echinuses-long.mp4,31
1199,/root/bucket4/terpineols-stereotyper-short.mp4,9
1782,/videos/2020-02-02/terpineols-stereotyper-long.mp4,29
1055,/root/bucket3/uncategorisable-lilts-short.mp4,16
727,/root/bucket2/uncategorisable-lilts-long.mp4,47
708,/root/bucket2/balletomania-falderaling-short.mp4,9
1613,/root/bucket1/balletomania-falderaling-long.mp4,30
1643,/videos/2020-02-02/caudillos-desertified-short.mp4,14
1921,/videos/2020-02-02/caudillos-desertified-long.mp4,31
350,/videos/2020-02-02/baken-welch-short.mp4,21
117,/videos/2020-02-04/baken-welch-long.mp4,48
331,/videos/2020-02-02/coemploy-hysteranthous-short.mp4,16
938,/videos/2020-02-02/coemploy-hysteranthous-long.mp4,27
1674,/root/bucket5/ascertain-pleas-short.mp4,24
46,/videos/2020-02-02/ascertain-pleas-long.mp4,48
231,/videos/2020-02-04/centennially-rockfalls-short.mp4,7
437,/root/bucket3/centennially-rockfalls-long.mp4,33
687,/videos/2020-02-04/mumbliest-phial-short.mp4,6
4,/videos/2020-02-01/mumbliest-phial-long.mp4,50
1813,/root/bucket2/cinquecentos-feignednesses-short.mp4,10
733,/media/cinquecentos-feignednesses-long.mp4,30
1888,/videos/2020-02-03/compradore-blit-short.mp4,10
1455,/videos/2020-02-01/compradore-blit-long.mp4,60
41,/videos/2020-02-03/toluols-reaedifyed-short.mp4,8
1596,/videos/2020-02-01/toluols-reaedifyed-long.mp4,27
9,/root/bucket2/joggling-destructo-short.mp4,12
1289,/root/bucket2/joggling-destructo-long.mp4,36
1759,/root/bucket5/nonvegetarian-submittings-short.mp4,30
1635,/root/bucket5/nonvegetarian-submittings-long.mp4,30
697,/root/bucket5/embassages-precognoscing-short.mp4,26
420,/videos/2020-02-04/embassages-precognoscing-long.mp4,31
624,/videos/2020-02-04/subperiods-rebegin-short.mp4,8
1038,/videos/2020-02-04/subperiods-rebegin-long.mp4,46
1404,/videos/2020-02-02/felching-shortarses-short.mp4,29
100,/root/bucket1/felching-shortarses-long.mp4,58
868,/videos/2020-02-03/avens-electroencephalographic-short.mp4,9
1227,/media/avens-electroencephalographic-long.mp4,40
314,/videos/2020-02-03/dungier-epiphysis-short.mp4,11
1687,/videos/2020-02-04/dungier-epiphysis-long.mp4,43
382,/videos/2020-02-04/gynaecia-stickhandle-short.mp4,17
825,/videos/2020-02-03/gynaecia-stickhandle-long.mp4,30
1549,/videos/2020-02-01/agaric-articulatenesses-short.mp4,13
935,/root/bucket1/agaric-articulatenesses-long.mp4,36
487,/videos/2020-02-02/mitched-micromanipulations-short.mp4,28
871,/media/mitched-micromanipulations-long.mp4,54
286,/videos/2020-02-01/tableaus-repatriated-short.mp4,29
1370,/videos/2020-02-02/tableaus-repatriated-long.mp4,25
1609,/videos/2020-02-04/mucins-culicine-short.mp4,14
1228,/videos/2020-02-03/mucins-culicine-long.mp4,44
1316,/root/bucket5/prunted-outstation-short.mp4,16
508,/videos/2020-02-03/prunted-outstation-long.mp4,47
489,/root/bucket2/preplanning-prostituted-short.mp4,7
358,/videos/2020-02-04/preplanning-prostituted-long.mp4,53
1225,/root/bucket1/conjurer-outrocking-short.mp4,29
82,/root/bucket4/conjurer-outrocking-long.mp4,36
1878,/root/bucket5/inclosures-whillywhaws-short.mp4,20
1544,/videos/2020-02-04/inclosures-whillywhaws-long.mp4,43
1091,/videos/2020-02-02/crankcase-nonequilibria-short.mp4,24
134,/root/bucket5/crankcase-nonequilibria-long.mp4,39
1233,/videos/2020-02-04/pneumonias-dispassionately-short.mp4,6
294,/videos/2020-02-04/pneumonias-dispassionately-long.mp4,25
1114,/videos/2020-02-02/unelectrified-gallicise-short.mp4,24
1979,/root/bucket4/unelectrified-gallicise-long.mp4,41
794,/root/bucket3/gaggeries-chromotype-short.mp4,10
1638,/root/bucket4/gaggeries-chromotype-long.mp4,43
340,/root/bucket4/avifaunas-perchlorate-short.mp4,25
612,/root/bucket5/avifaunas-perchlorate-long.mp4,39
720,/root/bucket5/inflictor-hydrosoma-short.mp4,24
1811,/root/bucket5/inflictor-hydrosoma-long.mp4,36
1311,/videos/2020-02-01/portrayed-aldermanlike-short.mp4,28
1051,/root/bucket4/portrayed-aldermanlike-long.mp4,27
637,/root/bucket2/carboyed-microcyte-short.mp4,11
282,/videos/2020-02-04/carboyed-microcyte-long.mp4,52
1629,/videos/2020-02-01/upstep-rand-short.mp4,13
89,/root/bucket2/upstep-rand-long.mp4,50
1419,/root/bucket3/maltsters-stethoscopists-short.mp4,18
1044,/media/maltsters-stethoscopists-long.mp4,42
1922,/root/bucket3/guangos-infusions-short.mp4,8
1153,/media/guangos-infusions-long.mp4,59
190,/videos/2020-02-04/lingers-quickbeam-short.mp4,16
399,/videos/2020-02-01/lingers-quickbeam-long.mp4,49
1734,/root/bucket5/woon-issues-short.mp4,22
588,/videos/2020-02-01/woon-issues-long.mp4,33
1929,/root/bucket3/effectualness-scathing-short.mp4,20
572,/root/bucket2/effectualness-scathing-long.mp4,51
273,/root/bucket5/oanshagh-hindquarters-short.mp4,9
1395,/media/oanshagh-hindquarters-long.mp4,32
1083,/media/podiums-lea-short.mp4,8
1125,/root/bucket4/podiums-lea-long.mp4,42
1352,/videos/2020-02-01/bouses-devitalizing-short.mp4,28
1449,/root/bucket2/bouses-devitalizing-long.mp4,43
760,/videos/2020-02-01/cuneal-backspaces-short.mp4,28
1974,/root/bucket3/cuneal-backspaces-long.mp4,50
344,/videos/2020-02-03/gangsterdom-noncrisis-short.mp4,16
879,/videos/2020-02-04/gangsterdom-noncrisis-long.mp4,35
30,/videos/2020-02-04/neafes-overadvertizing-short.mp4,26
1589,/videos/2020-02-03/neafes-overadvertizing-long.mp4,60
1763,/root/bucket4/seamanships-kalpas-short.mp4,6
1447,/root/bucket2/seamanships-kalpas-long.mp4,37
845,/videos/2020-02-02/enantiopathies-rechanging-short.mp4,20
1924,/root/bucket1/enantiopathies-rechanging-long.mp4,59
1753,/root/bucket1/minbar-heediness-short.mp4,16
209,/media/minbar-heediness-long.mp4,40
1422,/videos/2020-02-01/retextured-unmerited-short.mp4,9
296,/media/retextured-unmerited-long.mp4,41
1440,/root/bucket4/brawnily-chlorella-short.mp4,28
1610,/root/bucket1/brawnily-chlorella-long.mp4,52
1954,/root/bucket1/retrospecting-optics-short.mp4,22
357,/videos/2020-02-02/retrospecting-optics-long.mp4,57
1085,/root/bucket4/blacktops-nummuline-short.mp4,19
1658,/root/bucket5/blacktops-nummuline-long.mp4,27
169,/videos/2020-02-03/underuse-microsleeps-short.mp4,25
552,/media/underuse-microsleeps-long.mp4,42
206,/root/bucket5/pervier-nasalise-short.mp4,22
988,/videos/2020-02-02/pervier-nasalise-long.mp4,43
995,/videos/2020-02-04/unctuously-refractometer-short.mp4,24
1655,/videos/2020-02-01/unctuously-refractometer-long.mp4,41
1963,/videos/2020-02-04/cliparts-synoicous-short.mp4,13
460,/root/bucket5/cliparts-synoicous-long.mp4,48
603,/root/bucket3/genealogize-maquiladoras-short.mp4,7
524,/videos/2020-02-03/genealogize-maquiladoras-long.mp4,59
54,/root/bucket2/alchemical-supported-short.mp4,10
1004,/videos/2020-02-02/alchemical-supported-long.mp4,59
463,/root/bucket3/hemitropous-semiofficially-short.mp4,10
1130,/videos/2020-02-04/hemitropous-semiofficially-long.mp4,34
1647,/videos/2020-02-01/terracettes-mimer-short.mp4,7
1742,/root/bucket3/terracettes-mimer-long.mp4,35
1965,/root/bucket4/autorotating-frijole-short.mp4,23
1290,/root/bucket3/autorotating-frijole-long.mp4,40
1964,/videos/2020-02-01/chaffinches-quinquagesimal-short.mp4,27
679,/root/bucket1/chaffinches-quinquagesimal-long.mp4,47
1196,/root/bucket2/trevallys-gunneries-short.mp4,28
450,/videos/2020-02-03/trevallys-gunneries-long.mp4,56
835,/root/bucket4/bordereau-inquisitive-short.mp4,22
68,/root/bucket5/bordereau-inquisitive-long.mp4,57
1,/root/bucket5/disaccording-storekeeping-short.mp4,15
1041,/root/bucket3/disaccording-storekeeping-long.mp4,30
1966,/root/bucket5/remixed-glorifies-short.mp4,27
542,/root/bucket2/remixed-glorifies-long.mp4,34
1182,/root/bucket3/halogenation-dandyfunks-short.mp4,23
1478,/videos/2020-02-01/halogenation-dandyfunks-long.mp4,30
611,/videos/2020-02-02/braggartly-holstering-short.mp4,26
380,/videos/2020-02-02/braggartly-holstering-long.mp4,50
1413,/videos/2020-02-02/emption-snouty-short.mp4,18
1741,/root/bucket3/emption-snouty-long.mp4,54
1565,/videos/2020-02-01/duskened-aldohexose-short.mp4,23
1420,/root/bucket3/duskened-aldohexose-long.mp4,57
787,/root/bucket3/torridness-schemozzled-short.mp4,26
1837,/root/bucket3/torridness-schemozzled-long.mp4,57
1797,/videos/2020-02-02/aidless-patronized-short.mp4,20
643,/videos/2020-02-01/aidless-patronized-long.mp4,28
1155,/root/bucket3/lollapalooza-unexploded-short.mp4,7
1075,/videos/2020-02-03/lollapalooza-unexploded-long.mp4,56
1590,/videos/2020-02-03/saliences-experiencer-short.mp4,29
736,/videos/2020-02-02/saliences-experiencer-long.mp4,29
626,/videos/2020-02-04/aghas-trunksleeve-short.mp4,9
1470,/root/bucket1/aghas-trunksleeve-long.mp4,32
1879,/videos/2020-02-03/pummelled-acidifies-short.mp4,15
1254,/root/bucket2/pummelled-acidifies-long.mp4,53
1848,/videos/2020-02-01/cardiologists-tonkers-short.mp4,6
1180,/root/bucket4/cardiologists-tonkers-long.mp4,45
1237,/root/bucket2/kazillions-geomedicines-short.mp4,11
480,/videos/2020-02-04/kazillions-geomedicines-long.mp4,37
817,/videos/2020-02-03/nickeliferous-pyrolas-short.mp4,10
80,/media/nickeliferous-pyrolas-long.mp4,54
123,/videos/2020-02-04/syncopation-methenamine-short.mp4,16
913,/videos/2020-02-03/syncopation-methenamine-long.mp4,40
693,/videos/2020-02-01/arithmophobias-battalions-short.mp4,30
13,/root/bucket4/arithmophobias-battalions-long.mp4,40
131,/root/bucket1/blockishly-undermines-short.mp4,15
1900,/videos/2020-02-03/blockishly-undermines-long.mp4,58
1943,/videos/2020-02-02/fleecy-epacts-short.mp4,18
1115,/root/bucket3/fleecy-epacts-long.mp4,43
1126,/root/bucket3/okay-windsail-short.mp4,11
865,/root/bucket1/okay-windsail-long.mp4,45
101,/root/bucket2/pepperer-rustication-short.mp4,22
309,/root/bucket2/pepperer-rustication-long.mp4,58
1171,/root/bucket5/shipless-refinished-short.mp4,6
1221,/videos/2020-02-03/shipless-refinished-long.mp4,32
1620,/root/bucket1/semilethal-vidimuses-short.mp4,16
302,/root/bucket2/semilethal-vidimuses-long.mp4,27
496,/videos/2020-02-02/extensionists-throaty-short.mp4,19
1833,/root/bucket2/extensionists-throaty-long.mp4,51
1865,/videos/2020-02-01/conspirers-physiques-short.mp4,7
1382,/videos/2020-02-02/conspirers-physiques-long.mp4,50
1193,/root/bucket5/sinewless-eughen-short.mp4,12
759,/videos/2020-02-02/sinewless-eughen-long.mp4,45
229,/root/bucket3/arachnophobes-whangam-short.mp4,18
915,/videos/2020-02-02/arachnophobes-whangam-long.mp4,39
1871,/root/bucket4/workfare-gunboat-short.mp4,19
504,/root/bucket1/workfare-gunboat-long.mp4,52
179,/root/bucket5/eastlin-carbonadoing-short.mp4,19
1914,/root/bucket5/eastlin-carbonadoing-long.mp4,57
1226,/root/bucket1/strewments-calceolarias-short.mp4,19
1812,/videos/2020-02-03/strewments-calceolarias-long.mp4,31
960,/root/bucket2/laterising-aquaphobics-short.mp4,18
1510,/media/laterising-aquaphobics-long.mp4,35
1809,/root/bucket1/hypophysectomies-carhopping-short.mp4,27
1708,/root/bucket3/hypophysectomies-carhopping-long.mp4,30
488,/videos/2020-02-01/onloads-ballyard-short.mp4,19
598,/root/bucket5/onloads-ballyard-long.mp4,33
1386,/videos/2020-02-04/operosenesses-kiwifruit-short.mp4,23
712,/videos/2020-02-02/operosenesses-kiwifruit-long.mp4,54
992,/videos/2020-02-03/futhork-role-short.mp4,21
905,/media/futhork-role-long.mp4,28
650,/root/bucket3/pressors-disanimate-short.mp4,22
1661,/root/bucket4/pressors-disanimate-long.mp4,60
1431,/root/bucket2/starboarding-nephrotoxicities-short.mp4,20
514,/media/starboarding-nephrotoxicities-long.mp4,27
788,/videos/2020-02-04/roue-mallanders-short.mp4,29
1326,/videos/2020-02-04/roue-mallanders-long.mp4,36
1998,/videos/2020-02-03/geo-intergranular-short.mp4,12
1757,/root/bucket5/geo-intergranular-long.mp4,31
1718,/root/bucket1/excel-postilions-short.mp4,12
818,/root/bucket3/excel-postilions-long.mp4,54
577,/videos/2020-02-04/immobilism-sugarcoat-short.mp4,23
909,/root/bucket4/immobilism-sugarcoat-long.mp4,55
238,/videos/2020-02-03/clabbers-tostada-short.mp4,20
118,/root/bucket3/clabbers-tostada-long.mp4,60
1216,/videos/2020-02-04/cagyness-ferine-short.mp4,19
925,/root/bucket2/cagyness-ferine-long.mp4,60
1558,/videos/2020-02-03/reprographic-centralization-short.mp4,28
310,/root/bucket1/reprographic-centralization-long.mp4,32
1252,/root/bucket4/blastomeric-nincompoopery-short.mp4,25
479,/media/blastomeric-nincompoopery-long.mp4,37
1957,/videos/2020-02-03/undepreciated-dankly-short.mp4,14
1887,/root/bucket4/undepreciated-dankly-long.mp4,59
1450,/videos/2020-02-04/expressiveness-gulfweeds-short.mp4,15
800,/videos/2020-02-01/expressiveness-gulfweeds-long.mp4,26
939,/videos/2020-02-03/tautologisms-pickin-short.mp4,10
1968,/root/bucket4/tautologisms-pickin-long.mp4,59
166,/root/bucket2/bandas-chinaman-short.mp4,6
1378,/root/bucket1/bandas-chinaman-long.mp4,57
1738,/media/dimethylhydrazines-quicksilver-short.mp4,19
631,/videos/2020-02-03/dimethylhydrazines-quicksilver-long.mp4,42
37,/videos/2020-02-01/nonathlete-overtreated-short.mp4,23
823,/root/bucket5/nonathlete-overtreated-long.mp4,36
1838,/root/bucket1/fallfish-stripiness-short.mp4,12
1484,/media/fallfish-stripiness-long.mp4,52
324,/videos/2020-02-04/smalminess-shisos-short.mp4,28
277,/root/bucket5/smalminess-shisos-long.mp4,29
756,/root/bucket1/relieved-utilitarianized-short.mp4,20
337,/root/bucket2/relieved-utilitarianized-long.mp4,26
1345,/root/bucket3/mathematician-beekeepers-short.mp4,12
1701,/root/bucket2/mathematician-beekeepers-long.mp4,39
1727,/videos/2020-02-04/babouche-footwears-short.mp4,30
1258,/videos/2020-02-02/babouche-footwears-long.mp4,48
1673,/root/bucket5/guanazolos-suburbanized-short.mp4,18
320,/videos/2020-02-02/guanazolos-suburbanized-long.mp4,44
853,/videos/2020-02-03/remanences-croquignole-short.mp4,6
492,/root/bucket3/remanences-croquignole-long.mp4,54
1179,/root/bucket2/triggering-lassitude-short.mp4,22
1074,/videos/2020-02-04/triggering-lassitude-long.mp4,54
1260,/videos/2020-02-03/henges-thatness-short.mp4,13
1222,/root/bucket2/henges-thatness-long.mp4,57
1662,/videos/2020-02-02/bigfoots-epispore-short.mp4,14
1436,/videos/2020-02-02/bigfoots-epispore-long.mp4,40
300,/root/bucket4/forlana-demivolte-short.mp4,17
1131,/videos/2020-02-02/forlana-demivolte-long.mp4,36
326,/videos/2020-02-01/cystitides-protoxids-short.mp4,17
1246,/videos/2020-02-03/cystitides-protoxids-long.mp4,57
1627,/root/bucket4/employing-batsman-short.mp4,9
1704,/root/bucket1/employing-batsman-long.mp4,38
964,/root/bucket1/sesquiplicate-canalizations-short.mp4,5
1434,/media/sesquiplicate-canalizations-long.mp4,38
1418,/videos/2020-02-01/midsts-ambulatorily-short.mp4,15
306,/root/bucket2/midsts-ambulatorily-long.mp4,53
1105,/videos/2020-02-02/bellocked-adorably-short.mp4,16
1999,/root/bucket1/bellocked-adorably-long.mp4,42
304,/videos/2020-02-01/aviatrixes-unheededly-short.mp4,14
1719,/root/bucket3/aviatrixes-unheededly-long.mp4,34
1310,/videos/2020-02-01/ridglings-windsock-short.mp4,11
217,/videos/2020-02-02/ridglings-windsock-long.mp4,60
1537,/root/bucket3/treponemal-reseau-short.mp4,9
360,/root/bucket2/treponemal-reseau-long.mp4,43
1017,/videos/2020-02-03/postvasectomy-lubrical-short.mp4,30
97,/root/bucket3/postvasectomy-lubrical-long.mp4,43
1058,/videos/2020-02-01/manatu-semillon-short.mp4,8
948,/videos/2020-02-04/manatu-semillon-long.mp4,59
486,/root/bucket1/checkroom-graffiting-short.mp4,23
129,/media/checkroom-graffiting-long.mp4,37
658,/media/weisenheimer-paronymic-short.mp4,21
452,/media/weisenheimer-paronymic-long.mp4,60
1532,/videos/2020-02-02/greenbackism-wheelbarrowing-short.mp4,21
1572,/root/bucket5/greenbackism-wheelbarrowing-long.mp4,47
1257,/root/bucket4/moldier-subtilizations-short.mp4,18
1885,/root/bucket3/moldier-subtilizations-long.mp4,47
990,/root/bucket5/refutal-heterocyclics-short.mp4,14
1451,/root/bucket4/refutal-heterocyclics-long.mp4,57
323,/videos/2020-02-04/nonreproductive-ravines-short.mp4,20
1680,/root/bucket1/nonreproductive-ravines-long.mp4,41
1644,/root/bucket5/applies-aerobic-short.mp4,28
1212,/root/bucket2/applies-aerobic-long.mp4,59
614,/root/bucket1/semitone-nonmobile-short.mp4,16
1820,/root/bucket1/semitone-nonmobile-long.mp4,46
869,/root/bucket1/ecstasising-zootechnical-short.mp4,21
1724,/media/ecstasising-zootechnical-long.mp4,51
556,/root/bucket3/tabu-lunchrooms-short.mp4,22
43,/root/bucket5/tabu-lunchrooms-long.mp4,51
1328,/videos/2020-02-04/county-postpuberty-short.mp4,25
421,/root/bucket1/county-postpuberty-long.mp4,38
744,/videos/2020-02-02/knelled-hamada-short.mp4,26
288,/media/knelled-hamada-long.mp4,57
595,/root/bucket2/pyloruses-retested-short.mp4,8
1274,/root/bucket1/pyloruses-retested-long.mp4,55
656,/root/bucket2/spumone-mistrusting-short.mp4,26
90,/videos/2020-02-04/spumone-mistrusting-long.mp4,59
64,/root/bucket1/accorders-rockery-short.mp4,12
1323,/videos/2020-02-02/accorders-rockery-long.mp4,55
301,/root/bucket2/demodulator-justers-short.mp4,18
48,/root/bucket1/demodulator-justers-long.mp4,59
152,/videos/2020-02-04/brawer-utterableness-short.mp4,10
1005,/root/bucket3/brawer-utterableness-long.mp4,30
791,/videos/2020-02-01/effortlessnesses-deaminizing-short.mp4,16
830,/videos/2020-02-02/effortlessnesses-deaminizing-long.mp4,51
1200,/videos/2020-02-03/qins-outquotes-short.mp4,22
1697,/root/bucket4/qins-outquotes-long.mp4,49
1279,/videos/2020-02-03/miniaturizes-beacon-short.mp4,18
240,/root/bucket1/miniaturizes-beacon-long.mp4,42
1248,/root/bucket1/lumme-nonconducting-short.mp4,17
1390,/root/bucket3/lumme-nonconducting-long.mp4,43
1531,/media/patrialize-seedless-short.mp4,15
1062,/videos/2020-02-02/patrialize-seedless-long.mp4,48
1053,/root/bucket1/medick-resocialised-short.mp4,5
940,/root/bucket3/medick-resocialised-long.mp4,27
1933,/root/bucket2/hypocist-chouse-short.mp4,17
507,/videos/2020-02-04/hypocist-chouse-long.mp4,51
1864,/videos/2020-02-03/singers-loerie-short.mp4,6
255,/root/bucket4/singers-loerie-long.mp4,52
472,/videos/2020-02-03/constructure-metaplastic-short.mp4,28
1437,/root/bucket3/constructure-metaplastic-long.mp4,47
694,/videos/2020-02-02/subtilizer-brughs-short.mp4,30
1614,/videos/2020-02-03/subtilizer-brughs-long.mp4,53
667,/videos/2020-02-01/bilbo-cachinnates-short.mp4,22
155,/media/bilbo-cachinnates-long.mp4,29
142,/videos/2020-02-01/reuttering-shadowcastings-short.mp4,30
929,/root/bucket2/reuttering-shadowcastings-long.mp4,54
802,/root/bucket3/latte-passados-short.mp4,26
1360,/root/bucket3/latte-passados-long.mp4,43
505,/videos/2020-02-03/dimethyltryptamines-monotone-short.mp4,22
584,/root/bucket1/dimethyltryptamines-monotone-long.mp4,59
1015,/videos/2020-02-04/ohm-snogs-short.mp4,17
607,/videos/2020-02-01/ohm-snogs-long.mp4,45
65,/root/bucket4/branded-surefootedly-short.mp4,17
883,/root/bucket2/branded-surefootedly-long.mp4,49
224,/videos/2020-02-04/subspecialists-carnalizing-short.mp4,8
1513,/videos/2020-02-03/subspecialists-carnalizing-long.mp4,48
36,/videos/2020-02-04/unilinear-villagers-short.mp4,24
1127,/root/bucket4/unilinear-villagers-long.mp4,28
17,/root/bucket5/resaws-seraphins-short.mp4,20
1842,/videos/2020-02-02/resaws-seraphins-long.mp4,47
430,/root/bucket1/indew-sultana-short.mp4,25
606,/root/bucket2/indew-sultana-long.mp4,25
473,/root/bucket1/boshboks-decarburize-short.mp4,25
376,/videos/2020-02-04/boshboks-decarburize-long.mp4,49
1517,/videos/2020-02-01/saltness-savates-short.mp4,8
1441,/videos/2020-02-03/saltness-savates-long.mp4,34
1875,/videos/2020-02-01/homologation-boyfriend-short.mp4,10
1446,/root/bucket3/homologation-boyfriend-long.mp4,60
1481,/root/bucket1/hardly-pingler-short.mp4,15
1297,/root/bucket5/hardly-pingler-long.mp4,51
1268,/videos/2020-02-01/familiarisers-incurved-short.mp4,11
1804,/root/bucket1/familiarisers-incurved-long.mp4,58
1893,/root/bucket4/unequalled-colleger-short.mp4,22
1461,/root/bucket4/unequalled-colleger-long.mp4,26
63,/root/bucket2/dimerise-bawls-short.mp4,13
1293,/videos/2020-02-03/dimerise-bawls-long.mp4,49
876,/root/bucket1/cariousnesses-superqualities-short.mp4,26
114,/root/bucket3/cariousnesses-superqualities-long.mp4,34
1607,/videos/2020-02-04/overcloying-beadiest-short.mp4,17
1947,/root/bucket4/overcloying-beadiest-long.mp4,53
170,/videos/2020-02-02/verifying-galabieh-short.mp4,14
1682,/root/bucket3/verifying-galabieh-long.mp4,57
661,/videos/2020-02-03/associabilities-impenetrated-short.mp4,14
1435,/videos/2020-02-01/associabilities-impenetrated-long.mp4,34
1944,/videos/2020-02-03/fixities-madtom-short.mp4,14
545,/videos/2020-02-02/fixities-madtom-long.mp4,29
1601,/root/bucket2/basidiospores-flutinas-short.mp4,14
162,/root/bucket3/basidiospores-flutinas-long.mp4,54
587,/videos/2020-02-02/emfs-swoffer-short.mp4,26
506,/videos/2020-02-02/emfs-swoffer-long.mp4,35
1412,/root/bucket2/beccaficos-politenesses-short.mp4,16
1011,/root/bucket1/beccaficos-politenesses-long.mp4,59
1021,/root/bucket5/inburning-microbarographs-short.mp4,12
969,/root/bucket5/inburning-microbarographs-long.mp4,29
1188,/root/bucket3/obtends-bejeweling-short.mp4,6
1512,/videos/2020-02-04/obtends-bejeweling-long.mp4,30
1869,/root/bucket5/doobries-spriteliest-short.mp4,26
1902,/root/bucket2/doobries-spriteliest-long.mp4,32
1598,/videos/2020-02-03/catamenia-forebodingness-short.mp4,21
1134,/root/bucket3/catamenia-forebodingness-long.mp4,37
317,/root/bucket2/scaremonger-epizoite-short.mp4,11
369,/media/scaremonger-epizoite-long.mp4,28
991,/root/bucket2/neuroplasm-scalloping-short.mp4,10
1561,/videos/2020-02-04/neuroplasm-scalloping-long.mp4,32
1536,/videos/2020-02-04/abdicated-midbrain-short.mp4,21
1946,/videos/2020-02-01/abdicated-midbrain-long.mp4,29
1987,/videos/2020-02-02/propylaeum-consulters-short.mp4,7
69,/videos/2020-02-03/propylaeum-consulters-long.mp4,28
1242,/videos/2020-02-04/bard-kottaboses-short.mp4,20
1321,/videos/2020-02-04/bard-kottaboses-long.mp4,58
541,/media/unwomans-streptothricin-short.mp4,29
471,/videos/2020-02-02/unwomans-streptothricin-long.mp4,30
194,/videos/2020-02-02/langouste-scourged-short.mp4,6
1492,/videos/2020-02-03/langouste-scourged-long.mp4,45
319,/root/bucket1/jambee-tee-short.mp4,26
462,/videos/2020-02-01/jambee-tee-long.mp4,58
1335,/videos/2020-02-01/roughcast-untrueness-short.mp4,26
1389,/media/roughcast-untrueness-long.mp4,28
15,/root/bucket4/musicotherapies-decretive-short.mp4,13
1874,/root/bucket5/musicotherapies-decretive-long.mp4,43
1990,/videos/2020-02-01/dilutees-spicate-short.mp4,17
1466,/root/bucket5/dilutees-spicate-long.mp4,56
1291,/root/bucket3/mooly-hitchhikers-short.mp4,23
1175,/videos/2020-02-01/mooly-hitchhikers-long.mp4,33
676,/root/bucket1/whitewashed-oversteer-short.mp4,20
866,/root/bucket2/whitewashed-oversteer-long.mp4,46
1971,/root/bucket5/illegible-viameter-short.mp4,18
997,/videos/2020-02-02/illegible-viameter-long.mp4,60
755,/media/secularizers-ophiomorph-short.mp4,25
443,/root/bucket2/secularizers-ophiomorph-long.mp4,48
196,/root/bucket4/amooving-colotomy-short.mp4,19
264,/root/bucket4/amooving-colotomy-long.mp4,44
1026,/videos/2020-02-02/cerium-multicentric-short.mp4,7
779,/root/bucket3/cerium-multicentric-long.mp4,59
849,/root/bucket2/slipnooses-hissers-short.mp4,5
795,/videos/2020-02-02/slipnooses-hissers-long.mp4,27
924,/videos/2020-02-01/chymes-polytonality-short.mp4,9
1137,/videos/2020-02-04/chymes-polytonality-long.mp4,30
1940,/videos/2020-02-01/maunds-counterdemonstrates-short.mp4,15
1746,/root/bucket5/maunds-counterdemonstrates-long.mp4,49
257,/videos/2020-02-02/amphioxuses-stipuled-short.mp4,25
1556,/videos/2020-02-01/amphioxuses-stipuled-long.mp4,46
892,/media/gastrotrich-plumpiest-short.mp4,29
188,/videos/2020-02-02/gastrotrich-plumpiest-long.mp4,31
1286,/root/bucket1/interplead-mythomaniac-short.mp4,17
1396,/videos/2020-02-02/interplead-mythomaniac-long.mp4,54
1552,/videos/2020-02-04/perscrutations-kenosises-short.mp4,15
39,/media/perscrutations-kenosises-long.mp4,28
477,/videos/2020-02-03/deglaciated-multihued-short.mp4,17
814,/root/bucket1/deglaciated-multihued-long.mp4,44
356,/root/bucket1/outdoers-imposthumated-short.mp4,27
92,/root/bucket5/outdoers-imposthumated-long.mp4,50
465,/root/bucket2/moistened-resolutes-short.mp4,21
1617,/root/bucket4/moistened-resolutes-long.mp4,47
269,/videos/2020-02-03/incommutability-chromed-short.mp4,10
748,/videos/2020-02-02/incommutability-chromed-long.mp4,46
1550,/root/bucket4/cytoskeletons-includes-short.mp4,30
1591,/root/bucket3/cytoskeletons-includes-long.mp4,45
291,/root/bucket4/quillaja-receptivity-short.mp4,13
113,/videos/2020-02-01/quillaja-receptivity-long.mp4,26
1815,/root/bucket4/gliffings-superb-short.mp4,9
822,/videos/2020-02-01/gliffings-superb-long.mp4,40
558,/root/bucket1/birdhouses-precisians-short.mp4,10
98,/root/bucket4/birdhouses-precisians-long.mp4,57
1739,/root/bucket3/socializes-organologies-short.mp4,5
1706,/root/bucket3/socializes-organologies-long.mp4,33
1503,/videos/2020-02-03/vagrancies-badinaged-short.mp4,16
975,/root/bucket2/vagrancies-badinaged-long.mp4,34
81,/root/bucket2/marriers-stalks-short.mp4,19
897,/videos/2020-02-02/marriers-stalks-long.mp4,56
353,/root/bucket4/ecoterrorism-doggedness-short.mp4,9
274,/videos/2020-02-03/ecoterrorism-doggedness-long.mp4,41
1931,/root/bucket2/clypeiform-unclassifiable-short.mp4,22
828,/videos/2020-02-01/clypeiform-unclassifiable-long.mp4,30
575,/root/bucket5/pheon-frequences-short.mp4,15
1306,/media/pheon-frequences-long.mp4,37
1448,/root/bucket5/scorper-rared-short.mp4,20
272,/root/bucket5/scorper-rared-long.mp4,49
390,/videos/2020-02-03/vulcanologists-forthcome-short.mp4,13
316,/videos/2020-02-01/vulcanologists-forthcome-long.mp4,49
772,/videos/2020-02-02/importable-landgrab-short.mp4,6
1059,/root/bucket2/importable-landgrab-long.mp4,49
147,/root/bucket5/aubergine-tusking-short.mp4,28
671,/root/bucket2/aubergine-tusking-long.mp4,57
1934,/root/bucket2/turaco-mentorings-short.mp4,13
1016,/media/turaco-mentorings-long.mp4,47
702,/media/befriender-predigestion-short.mp4,23
1101,/root/bucket5/befriender-predigestion-long.mp4,57
513,/media/extensionalism-greenmailer-short.mp4,9
1341,/root/bucket4/extensionalism-greenmailer-long.mp4,37
801,/root/bucket1/achlorhydria-charlotte-short.mp4,18
844,/root/bucket4/achlorhydria-charlotte-long.mp4,57
1568,/root/bucket5/hikoiing-parasitologist-short.mp4,24
103,/root/bucket5/hikoiing-parasitologist-long.mp4,57
1959,/root/bucket1/stigmatiser-preplaces-short.mp4,15
934,/videos/2020-02-02/stigmatiser-preplaces-long.mp4,30
160,/videos/2020-02-02/pillorise-deciphering-short.mp4,25
424,/root/bucket3/pillorise-deciphering-long.mp4,50
221,/root/bucket4/glutenins-predominant-short.mp4,9
798,/videos/2020-02-01/glutenins-predominant-long.mp4,34
1132,/media/whiplashes-intermediators-short.mp4,28
1314,/root/bucket1/whiplashes-intermediators-long.mp4,30
1831,/root/bucket4/scorers-trousseau-short.mp4,25
1087,/root/bucket2/scorers-trousseau-long.mp4,57
580,/videos/2020-02-01/urson-repulser-short.mp4,27
1494,/videos/2020-02-01/urson-repulser-long.mp4,52
1427,/videos/2020-02-04/pertinency-strontia-short.mp4,22
1230,/videos/2020-02-02/pertinency-strontia-long.mp4,34
1497,/media/stance-unsparred-short.mp4,8
1777,/videos/2020-02-01/stance-unsparred-long.mp4,32
843,/videos/2020-02-02/underkeeper-condors-short.mp4,27
754,/root/bucket5/underkeeper-condors-long.mp4,57
1951,/videos/2020-02-02/halfwitted-steganographs-short.mp4,5
1717,/root/bucket3/halfwitted-steganographs-long.mp4,53
1347,/root/bucket3/sironizing-begnaw-short.mp4,5
904,/root/bucket2/sironizing-begnaw-long.mp4,56
96,/videos/2020-02-02/escortage-postliminious-short.mp4,15
1063,/media/escortage-postliminious-long.mp4,34
1476,/videos/2020-02-02/dissemination-upwardness-short.mp4,19
662,/videos/2020-02-02/dissemination-upwardness-long.mp4,26
738,/root/bucket5/manjack-intenerates-short.mp4,13
1952,/root/bucket5/manjack-intenerates-long.mp4,51
1376,/videos/2020-02-02/routed-momzers-short.mp4,27
1749,/media/routed-momzers-long.mp4,40
1664,/videos/2020-02-02/minutely-nostoc-short.mp4,26
930,/root/bucket1/minutely-nostoc-long.mp4,42
1148,/root/bucket4/veneer-rekeyboarding-short.mp4,10
153,/media/veneer-rekeyboarding-long.mp4,41
455,/root/bucket3/hoodia-sociopaths-short.mp4,27
1904,/root/bucket4/hoodia-sociopaths-long.mp4,52
1084,/videos/2020-02-01/coxal-trammel-short.mp4,28
1457,/root/bucket1/coxal-trammel-long.mp4,30
365,/videos/2020-02-03/skeining-spellings-short.mp4,19
1033,/videos/2020-02-01/skeining-spellings-long.mp4,35
1696,/root/bucket5/boobyish-entombed-short.mp4,30
10,/videos/2020-02-03/boobyish-entombed-long.mp4,51
1095,/videos/2020-02-01/outmantles-invertor-short.mp4,26
520,/videos/2020-02-01/outmantles-invertor-long.mp4,46
95,/videos/2020-02-03/beastly-clitella-short.mp4,21
412,/root/bucket2/beastly-clitella-long.mp4,30
1806,/root/bucket1/pelorias-madrepore-short.mp4,16
850,/videos/2020-02-02/pelorias-madrepore-long.mp4,57
50,/root/bucket3/tirednesses-adjoin-short.mp4,13
715,/videos/2020-02-02/tirednesses-adjoin-long.mp4,31
941,/media/squalors-audiograph-short.mp4,25
192,/root/bucket4/squalors-audiograph-long.mp4,31
249,/root/bucket4/operagoers-banderilleros-short.mp4,5
1128,/videos/2020-02-03/operagoers-banderilleros-long.mp4,32
705,/root/bucket3/corybant-kipp-short.mp4,22
769,/root/bucket4/corybant-kipp-long.mp4,49
107,/root/bucket2/oiks-expectedness-short.mp4,15
648,/media/oiks-expectedness-long.mp4,29
922,/root/bucket3/overbearing-cadie-short.mp4,30
525,/videos/2020-02-02/overbearing-cadie-long.mp4,27
799,/root/bucket4/footered-vespertinal-short.mp4,27
125,/root/bucket1/footered-vespertinal-long.mp4,25
1823,/media/otiosities-benzols-short.mp4,13
1177,/root/bucket1/otiosities-benzols-long.mp4,58
1486,/root/bucket5/lumpinesses-pursing-short.mp4,19
242,/media/lumpinesses-pursing-long.mp4,34
1970,/media/subatoms-tweezed-short.mp4,20
1300,/videos/2020-02-01/subatoms-tweezed-long.mp4,30
18,/root/bucket1/caravaneer-trevisses-short.mp4,19
961,/videos/2020-02-02/caravaneer-trevisses-long.mp4,36
1425,/videos/2020-02-01/uranite-apolipoprotein-short.mp4,15
811,/videos/2020-02-02/uranite-apolipoprotein-long.mp4,58
1191,/root/bucket5/boozing-mispenned-short.mp4,14
1407,/root/bucket5/boozing-mispenned-long.mp4,38
84,/root/bucket4/linocuts-phlebosclerosis-short.mp4,7
1369,/videos/2020-02-04/linocuts-phlebosclerosis-long.mp4,51
1401,/media/brik-skeptically-short.mp4,8
548,/videos/2020-02-04/brik-skeptically-long.mp4,55
329,/root/bucket2/glueball-tache-short.mp4,14
783,/videos/2020-02-02/glueball-tache-long.mp4,55
980,/root/bucket5/missionisations-hypercharging-short.mp4,23
1744,/media/missionisations-hypercharging-long.mp4,47
1283,/root/bucket1/exploited-conkers-short.mp4,5
722,/root/bucket2/exploited-conkers-long.mp4,35
1198,/videos/2020-02-04/influential-screensaver-short.mp4,11
402,/root/bucket3/influential-screensaver-long.mp4,25
719,/root/bucket2/asquat-waybreads-short.mp4,19
1045,/media/asquat-waybreads-long.mp4,44
442,/root/bucket5/antefixes-creation-short.mp4,18
361,/videos/2020-02-01/antefixes-creation-long.mp4,40
1123,/root/bucket3/bankrollers-orientalized-short.mp4,29
1077,/videos/2020-02-01/bankrollers-orientalized-long.mp4,50
1374,/root/bucket5/sensationalism-outblessing-short.mp4,6
1733,/media/sensationalism-outblessing-long.mp4,43
47,/root/bucket3/bodkins-belace-short.mp4,18
87,/root/bucket5/bodkins-belace-long.mp4,36
1139,/root/bucket1/manchineel-yellings-short.mp4,17
1631,/root/bucket3/manchineel-yellings-long.mp4,38
1732,/videos/2020-02-01/unperches-lameds-short.mp4,13
1769,/videos/2020-02-03/unperches-lameds-long.mp4,51
251,/videos/2020-02-04/misstruck-torturously-short.mp4,25
511,/root/bucket2/misstruck-torturously-long.mp4,36
700,/videos/2020-02-04/spinous-objectifying-short.mp4,8
563,/root/bucket4/spinous-objectifying-long.mp4,59
706,/videos/2020-02-02/outbegs-hardbeams-short.mp4,18
534,/root/bucket3/outbegs-hardbeams-long.mp4,32
628,/videos/2020-02-02/snifting-synchronical-short.mp4,7
1480,/root/bucket1/snifting-synchronical-long.mp4,27
977,/videos/2020-02-03/rheumic-tiresomenesses-short.mp4,17
3,/root/bucket5/rheumic-tiresomenesses-long.mp4,37
586,/root/bucket3/mattoids-coryluses-short.mp4,11
1241,/root/bucket3/mattoids-coryluses-long.mp4,25
493,/videos/2020-02-01/leaflessnesses-exacts-short.mp4,30
42,/media/leaflessnesses-exacts-long.mp4,35
1909,/videos/2020-02-01/chemoautotroph-benignantly-short.mp4,27
655,/media/chemoautotroph-benignantly-long.mp4,37
1146,/root/bucket3/postorbital-magnanimity-short.mp4,26
770,/videos/2020-02-02/postorbital-magnanimity-long.mp4,35
1079,/root/bucket5/entrailing-covalently-short.mp4,28
354,/videos/2020-02-03/entrailing-covalently-long.mp4,30
55,/root/bucket2/experience-goulashes-short.mp4,13
859,/videos/2020-02-03/experience-goulashes-long.mp4,52
721,/root/bucket1/clartier-halutzim-short.mp4,23
1895,/root/bucket1/clartier-halutzim-long.mp4,56
1980,/videos/2020-02-02/subbranches-spatially-short.mp4,19
691,/root/bucket4/subbranches-spatially-long.mp4,53
774,/root/bucket3/desexualizations-porchettas-short.mp4,18
406,/root/bucket4/desexualizations-porchettas-long.mp4,47
121,/videos/2020-02-03/sangar-disintricates-short.mp4,30
1247,/root/bucket1/sangar-disintricates-long.mp4,40
1331,/videos/2020-02-01/centrefolds-churr-short.mp4,22
718,/videos/2020-02-04/centrefolds-churr-long.mp4,59
689,/root/bucket2/hapuku-directedness-short.mp4,10
1868,/root/bucket2/hapuku-directedness-long.mp4,36
418,/root/bucket4/grievingly-homilists-short.mp4,12
405,/root/bucket2/grievingly-homilists-long.mp4,31
1825,/root/bucket5/numbers-routers-short.mp4,20
164,/videos/2020-02-01/numbers-routers-long.mp4,26
1645,/videos/2020-02-02/tressours-pickin-short.mp4,29
40,/root/bucket5/tressours-pickin-long.mp4,50
1872,/videos/2020-02-01/lepidopterists-dipshits-short.mp4,19
585,/root/bucket1/lepidopterists-dipshits-long.mp4,54
898,/media/occasioners-gaspereaus-short.mp4,5
1551,/root/bucket1/occasioners-gaspereaus-long.mp4,58
45,/root/bucket4/zhomo-hawkishly-short.mp4,19
1483,/videos/2020-02-01/zhomo-hawkishly-long.mp4,33
1988,/root/bucket4/ignitibilities-agatized-short.mp4,21
499,/root/bucket2/ignitibilities-agatized-long.mp4,29
1124,/root/bucket5/dystocia-decelerators-short.mp4,18
526,/videos/2020-02-02/dystocia-decelerators-long.mp4,31
303,/videos/2020-02-01/sectarian-unnilquadiums-short.mp4,7
596,/root/bucket3/sectarian-unnilquadiums-long.mp4,28
602,/root/bucket4/parrs-silviculturally-short.mp4,9
533,/root/bucket3/parrs-silviculturally-long.mp4,25
806,/root/bucket5/blotchiest-fatalist-short.mp4,10
1430,/root/bucket1/blotchiest-fatalist-long.mp4,48
1520,/root/bucket4/braza-orramen-short.mp4,28
1445,/root/bucket5/braza-orramen-long.mp4,37
972,/root/bucket1/calathi-pend-short.mp4,14
11,/root/bucket4/calathi-pend-long.mp4,34
954,/media/sinologist-weathercaster-short.mp4,24
24,/root/bucket4/sinologist-weathercaster-long.mp4,59
1477,/root/bucket4/brigalows-banditry-short.mp4,14
1685,/root/bucket2/brigalows-banditry-long.mp4,45
1269,/videos/2020-02-03/vermiculated-glitterier-short.mp4,26
785,/videos/2020-02-04/vermiculated-glitterier-long.mp4,34
263,/media/maggs-docksides-short.mp4,27
1690,/videos/2020-02-04/maggs-docksides-long.mp4,38
34,/root/bucket1/incumberingly-teapoys-short.mp4,17
284,/videos/2020-02-04/incumberingly-teapoys-long.mp4,52
535,/root/bucket5/communitaires-enchasers-short.mp4,19
1298,/videos/2020-02-02/communitaires-enchasers-long.mp4,59
1873,/root/bucket2/apyrexia-corrigibilities-short.mp4,11
1086,/root/bucket4/apyrexia-corrigibilities-long.mp4,29
1634,/root/bucket3/outpupils-windsuckers-short.mp4,20
1830,/media/outpupils-windsuckers-long.mp4,25
112,/videos/2020-02-01/dueled-antibioses-short.mp4,23
1821,/videos/2020-02-02/dueled-antibioses-long.mp4,34
431,/videos/2020-02-03/windborne-disgowned-short.mp4,7
1981,/root/bucket2/windborne-disgowned-long.mp4,53
510,/videos/2020-02-02/lonelier-disagreeables-short.mp4,24
1068,/videos/2020-02-04/lonelier-disagreeables-long.mp4,30
1663,/videos/2020-02-03/salacious-outreigning-short.mp4,11
106,/videos/2020-02-03/salacious-outreigning-long.mp4,52
685,/videos/2020-02-01/villose-puftaloons-short.mp4,29
684,/root/bucket4/villose-puftaloons-long.mp4,43
1377,/videos/2020-02-02/gyrations-welshed-short.mp4,16
1100,/root/bucket3/gyrations-welshed-long.mp4,43
1368,/videos/2020-02-01/interdependently-dollarfishes-short.mp4,16
1170,/videos/2020-02-03/interdependently-dollarfishes-long.mp4,52
1721,/root/bucket2/aphelandras-diazomethanes-short.mp4,25
1197,/videos/2020-02-03/aphelandras-diazomethanes-long.mp4,60
1138,/root/bucket3/vulgarisers-reflags-short.mp4,26
601,/videos/2020-02-01/vulgarisers-reflags-long.mp4,30
115,/videos/2020-02-03/vesiculating-interconnexion-short.mp4,12
135,/root/bucket1/vesiculating-interconnexion-long.mp4,42
1563,/root/bucket1/unthreading-restuffed-short.mp4,20
391,/root/bucket3/unthreading-restuffed-long.mp4,54
826,/root/bucket5/sparteries-merchantable-short.mp4,27
750,/root/bucket1/sparteries-merchantable-long.mp4,31
683,/videos/2020-02-04/disgorge-subsampled-short.mp4,5
1525,/videos/2020-02-03/disgorge-subsampled-long.mp4,51
1140,/root/bucket2/gamboling-careers-short.mp4,24
840,/root/bucket4/gamboling-careers-long.mp4,41
907,/root/bucket4/nonaddictive-mutinously-short.mp4,10
167,/videos/2020-02-04/nonaddictive-mutinously-long.mp4,39
1515,/videos/2020-02-01/plussing-isomere-short.mp4,29
394,/root/bucket2/plussing-isomere-long.mp4,45
175,/root/bucket1/sloughy-acquisitive-short.mp4,23
654,/videos/2020-02-04/sloughy-acquisitive-long.mp4,47
1969,/root/bucket5/deadlocking-misdividing-short.mp4,25
745,/videos/2020-02-01/deadlocking-misdividing-long.mp4,50
724,/videos/2020-02-02/overheat-hetaerismic-short.mp4,7
57,/media/overheat-hetaerismic-long.mp4,44
1082,/root/bucket1/gorilla-vicugnas-short.mp4,9
1755,/videos/2020-02-02/gorilla-vicugnas-long.mp4,53
709,/root/bucket1/bedights-amebiasis-short.mp4,13
441,/videos/2020-02-02/bedights-amebiasis-long.mp4,49
290,/media/signeurie-cotemporary-short.mp4,29
364,/root/bucket3/signeurie-cotemporary-long.mp4,39
173,/videos/2020-02-03/hydroponically-marbling-short.mp4,11
1731,/root/bucket4/hydroponically-marbling-long.mp4,59
636,/videos/2020-02-04/binnacle-savablenesses-short.mp4,21
629,/videos/2020-02-03/binnacle-savablenesses-long.mp4,39
1956,/media/loggish-beelining-short.mp4,15
752,/root/bucket5/loggish-beelining-long.mp4,53
623,/root/bucket5/mimmest-baldmoneys-short.mp4,25
330,/root/bucket2/mimmest-baldmoneys-long.mp4,45
1098,/videos/2020-02-01/deportees-deliberates-short.mp4,11
1255,/root/bucket5/deportees-deliberates-long.mp4,39
1710,/media/hinges-caffeinic-short.mp4,27
1415,/root/bucket5/hinges-caffeinic-long.mp4,38
1136,/root/bucket3/momzer-eloigns-short.mp4,17
1995,/media/momzer-eloigns-long.mp4,46
965,/root/bucket1/bluishness-subsequences-short.mp4,9
254,/root/bucket1/bluishness-subsequences-long.mp4,38
1469,/root/bucket1/shoder-muddleheadedly-short.mp4,10
1917,/media/shoder-muddleheadedly-long.mp4,40
404,/videos/2020-02-01/citrinin-niobites-short.mp4,27
111,/root/bucket3/citrinin-niobites-long.mp4,48
1920,/root/bucket2/regulus-idealiser-short.mp4,8
262,/videos/2020-02-04/regulus-idealiser-long.mp4,25
1264,/root/bucket5/bioptic-sweetness-short.mp4,8
1509,/videos/2020-02-04/bioptic-sweetness-long.mp4,60
248,/root/bucket3/solely-hemocyte-short.mp4,12
591,/videos/2020-02-02/solely-hemocyte-long.mp4,57
168,/videos/2020-02-01/ailurophobes-fashionably-short.mp4,27
559,/root/bucket2/ailurophobes-fashionably-long.mp4,45
1217,/root/bucket2/barging-recreancies-short.mp4,16
1303,/root/bucket1/barging-recreancies-long.mp4,49
1054,/videos/2020-02-04/owning-bilobated-short.mp4,5
1325,/media/owning-bilobated-long.mp4,55
1778,/videos/2020-02-04/sparoid-refinish-short.mp4,22
1322,/root/bucket2/sparoid-refinish-long.mp4,53
1411,/videos/2020-02-03/dalliances-orgastic-short.mp4,19
1800,/videos/2020-02-04/dalliances-orgastic-long.mp4,38
295,/videos/2020-02-04/tidiest-snowshoeing-short.mp4,30
877,/root/bucket2/tidiest-snowshoeing-long.mp4,57
621,/root/bucket4/overlooked-gynaeceums-short.mp4,22
1387,/root/bucket4/overlooked-gynaeceums-long.mp4,59
1936,/videos/2020-02-02/supraliminally-wafered-short.mp4,27
1507,/videos/2020-02-01/supraliminally-wafered-long.mp4,29
635,/videos/2020-02-01/vasectomised-transmove-short.mp4,10
1129,/root/bucket5/vasectomised-transmove-long.mp4,42
967,/videos/2020-02-04/animateness-plasmolyse-short.mp4,5
1240,/videos/2020-02-04/animateness-plasmolyse-long.mp4,33
775,/videos/2020-02-01/subclassify-sulphas-short.mp4,19
1408,/root/bucket5/subclassify-sulphas-long.mp4,35
475,/media/croutes-salutiferous-short.mp4,18
942,/videos/2020-02-02/croutes-salutiferous-long.mp4,56
1792,/root/bucket5/colleted-jurists-short.mp4,24
1915,/media/colleted-jurists-long.mp4,40
1471,/videos/2020-02-03/sprayier-nondenominationalism-short.mp4,12
1758,/root/bucket3/sprayier-nondenominationalism-long.mp4,38
918,/root/bucket2/souvlakias-licencers-short.mp4,24
1337,/root/bucket3/souvlakias-licencers-long.mp4,47
633,/videos/2020-02-03/archiepiscopate-bluegown-short.mp4,15
1834,/videos/2020-02-01/archiepiscopate-bluegown-long.mp4,60
432,/root/bucket2/tumultuousness-vodcasters-short.mp4,9
503,/root/bucket4/tumultuousness-vodcasters-long.mp4,35
551,/media/definability-insofar-short.mp4,23
609,/root/bucket4/definability-insofar-long.mp4,33
543,/videos/2020-02-01/accessarily-danton-short.mp4,21
1416,/root/bucket5/accessarily-danton-long.mp4,44
789,/videos/2020-02-02/metronomes-propositions-short.mp4,11
171,/root/bucket3/metronomes-propositions-long.mp4,42
1463,/root/bucket2/firerooms-perciform-short.mp4,21
395,/root/bucket4/firerooms-perciform-long.mp4,53
1433,/root/bucket3/chachkas-xiphophyllous-short.mp4,25
1555,/root/bucket3/chachkas-xiphophyllous-long.mp4,54
445,/media/tormentils-corves-short.mp4,5
824,/videos/2020-02-03/tormentils-corves-long.mp4,57
198,/root/bucket3/enfoldment-bobolink-short.mp4,10
298,/root/bucket3/enfoldment-bobolink-long.mp4,37
1490,/root/bucket5/spadilles-thyrsus-short.mp4,23
741,/root/bucket1/spadilles-thyrsus-long.mp4,34
1133,/videos/2020-02-04/morsels-borderline-short.mp4,22
99,/videos/2020-02-03/morsels-borderline-long.mp4,35
438,/videos/2020-02-01/carpogonia-pretreating-short.mp4,23
181,/root/bucket2/carpogonia-pretreating-long.mp4,43
1156,/videos/2020-02-03/fernier-odiousnesses-short.mp4,16
177,/root/bucket2/fernier-odiousnesses-long.mp4,53
1488,/videos/2020-02-03/bundies-ropily-short.mp4,16
85,/root/bucket4/bundies-ropily-long.mp4,36
1898,/root/bucket4/operettists-precentorship-short.mp4,28
1342,/media/operettists-precentorship-long.mp4,34
1032,/videos/2020-02-02/endoparasites-turgidness-short.mp4,13
1162,/media/endoparasites-turgidness-long.mp4,25
1916,/root/bucket5/reviewable-globing-short.mp4,6
1571,/root/bucket4/reviewable-globing-long.mp4,32
1566,/videos/2020-02-02/trouvaille-sulfurises-short.mp4,17
765,/videos/2020-02-01/trouvaille-sulfurises-long.mp4,57
226,/root/bucket2/retreating-anabolisms-short.mp4,29
1151,/root/bucket2/retreating-anabolisms-long.mp4,27
1808,/videos/2020-02-02/squirmy-capsulizing-short.mp4,29
207,/videos/2020-02-01/squirmy-capsulizing-long.mp4,50
1845,/videos/2020-02-03/ineffectualnesses-abyssopelagic-short.mp4,7
1224,/videos/2020-02-02/ineffectualnesses-abyssopelagic-long.mp4,28
1067,/root/bucket4/plottier-tortoises-short.mp4,29
126,/videos/2020-02-03/plottier-tortoises-long.mp4,37
1186,/root/bucket4/regularly-unroots-short.mp4,10
899,/media/regularly-unroots-long.mp4,52
1586,/videos/2020-02-03/filming-bradoons-short.mp4,10
1780,/videos/2020-02-01/filming-bradoons-long.mp4,28
620,/media/proportionments-mouchards-short.mp4,23
539,/videos/2020-02-03/proportionments-mouchards-long.mp4,31
1880,/videos/2020-02-01/shells-romanizing-short.mp4,22
647,/root/bucket1/shells-romanizing-long.mp4,29
145,/root/bucket3/kindliness-screensaver-short.mp4,8
1832,/root/bucket3/kindliness-screensaver-long.mp4,60
423,/root/bucket2/sapours-rassling-short.mp4,19
186,/root/bucket2/sapours-rassling-long.mp4,54
1849,/videos/2020-02-03/incalescences-homaloids-short.mp4,30
241,/media/incalescences-homaloids-long.mp4,60
856,/root/bucket4/herewith-areached-short.mp4,26
851,/videos/2020-02-04/herewith-areached-long.mp4,29
77,/root/bucket2/astarboard-randems-short.mp4,15
527,/videos/2020-02-03/astarboard-randems-long.mp4,59
182,/videos/2020-02-04/lammergeyers-kickout-short.mp4,28
1116,/videos/2020-02-03/lammergeyers-kickout-long.mp4,59
1630,/root/bucket5/panzerotto-frangipanni-short.mp4,22
1564,/videos/2020-02-04/panzerotto-frangipanni-long.mp4,46
1824,/videos/2020-02-04/farfetchedness-overcapitalize-short.mp4,17
385,/media/farfetchedness-overcapitalize-long.mp4,35
695,/videos/2020-02-02/laparoscopic-matamatas-short.mp4,5
885,/videos/2020-02-01/laparoscopic-matamatas-long.mp4,37
1633,/root/bucket1/lightninged-cholestyramine-short.mp4,13
634,/root/bucket2/lightninged-cholestyramine-long.mp4,44
287,/root/bucket3/unhaunted-resought-short.mp4,13
1210,/videos/2020-02-03/unhaunted-resought-long.mp4,26
1653,/videos/2020-02-02/flittering-containerise-short.mp4,20
1496,/root/bucket5/flittering-containerise-long.mp4,39
397,/videos/2020-02-04/getting-executing-short.mp4,30
457,/media/getting-executing-long.mp4,40
1595,/root/bucket2/signoras-pestful-short.mp4,11
335,/videos/2020-02-03/signoras-pestful-long.mp4,38
183,/videos/2020-02-01/uprightly-boiled-short.mp4,22
1472,/media/uprightly-boiled-long.mp4,55
1013,/root/bucket2/sissynesses-rocker-short.mp4,20
657,/videos/2020-02-04/sissynesses-rocker-long.mp4,41
536,/root/bucket4/theosophisms-hydroxyls-short.mp4,19
518,/root/bucket4/theosophisms-hydroxyls-long.mp4,36
1882,/videos/2020-02-02/resonator-aerofoils-short.mp4,7
1896,/root/bucket1/resonator-aerofoils-long.mp4,26
638,/videos/2020-02-02/abuna-billon-short.mp4,25
116,/root/bucket3/abuna-billon-long.mp4,35
1656,/root/bucket2/gazers-bittersweetly-short.mp4,9
1106,/root/bucket3/gazers-bittersweetly-long.mp4,38
1993,/root/bucket1/blanch-yolky-short.mp4,17
1926,/videos/2020-02-01/blanch-yolky-long.mp4,32
880,/root/bucket2/kinetheodolite-kidder-short.mp4,16
1343,/root/bucket2/kinetheodolite-kidder-long.mp4,43
863,/root/bucket1/flambeaux-burnishments-short.mp4,14
469,/videos/2020-02-02/flambeaux-burnishments-long.mp4,57
308,/videos/2020-02-04/baron-anagrammatizing-short.mp4,18
641,/videos/2020-02-03/baron-anagrammatizing-long.mp4,40
233,/root/bucket2/heil-gropers-short.mp4,19
1530,/videos/2020-02-03/heil-gropers-long.mp4,52
1261,/root/bucket3/deterge-unbloody-short.mp4,29
1040,/videos/2020-02-01/deterge-unbloody-long.mp4,49
1548,/videos/2020-02-03/abaya-greaseband-short.mp4,26
911,/media/abaya-greaseband-long.mp4,37
1984,/videos/2020-02-01/snaggiest-merchant-short.mp4,13
120,/videos/2020-02-01/snaggiest-merchant-long.mp4,40
1524,/root/bucket4/dirigiste-protist-short.mp4,16
1776,/root/bucket2/dirigiste-protist-long.mp4,37
1672,/root/bucket1/glaucomatous-vaginitis-short.mp4,14
615,/videos/2020-02-02/glaucomatous-vaginitis-long.mp4,31
731,/videos/2020-02-04/buckayro-halloes-short.mp4,29
1399,/videos/2020-02-01/buckayro-halloes-long.mp4,47
451,/media/overelaborations-anciently-short.mp4,13
119,/root/bucket3/overelaborations-anciently-long.mp4,45
476,/root/bucket1/mainframes-renewed-short.mp4,11
531,/videos/2020-02-03/mainframes-renewed-long.mp4,36
1649,/videos/2020-02-02/exultations-ischiatic-short.mp4,23
690,/root/bucket5/exultations-ischiatic-long.mp4,37
1602,/root/bucket5/obeahing-sempervivums-short.mp4,23
1930,/root/bucket4/obeahing-sempervivums-long.mp4,59
464,/root/bucket2/prolongable-triplying-short.mp4,28
776,/videos/2020-02-02/prolongable-triplying-long.mp4,41
919,/videos/2020-02-02/madaming-doff-short.mp4,6
1950,/videos/2020-02-04/madaming-doff-long.mp4,46
59,/videos/2020-02-02/sporocarp-biofuels-short.mp4,27
1994,/root/bucket4/sporocarp-biofuels-long.mp4,47
1919,/videos/2020-02-04/interlaminating-tidemill-short.mp4,8
1113,/videos/2020-02-02/interlaminating-tidemill-long.mp4,52
725,/root/bucket1/counterflow-epizoa-short.mp4,17
895,/videos/2020-02-01/counterflow-epizoa-long.mp4,26
780,/root/bucket2/ren-deadwoods-short.mp4,29
1231,/videos/2020-02-03/ren-deadwoods-long.mp4,51
1748,/videos/2020-02-03/malingerers-calyptrate-short.mp4,15
154,/root/bucket4/malingerers-calyptrate-long.mp4,31
1912,/media/breachers-roentgenograms-short.mp4,6
1843,/root/bucket4/breachers-roentgenograms-long.mp4,54
195,/root/bucket1/intensatives-flammabilities-short.mp4,15
456,/root/bucket3/intensatives-flammabilities-long.mp4,29
581,/root/bucket4/overextravagant-guanazolos-short.mp4,24
917,/root/bucket1/overextravagant-guanazolos-long.mp4,32
1208,/root/bucket5/hopeful-supranationalism-short.mp4,15
532,/root/bucket2/hopeful-supranationalism-long.mp4,56
144,/videos/2020-02-04/tridacnas-heliotropism-short.mp4,23
32,/root/bucket5/tridacnas-heliotropism-long.mp4,33
906,/videos/2020-02-03/upsee-fiddlesticks-short.mp4,23
1932,/root/bucket5/upsee-fiddlesticks-long.mp4,34
1493,/root/bucket5/unwhistleable-breakbeats-short.mp4,16
1308,/media/unwhistleable-breakbeats-long.mp4,45
517,/videos/2020-02-04/raita-fatiguing-short.mp4,27
663,/root/bucket4/raita-fatiguing-long.mp4,58
1159,/videos/2020-02-01/preheats-haole-short.mp4,8
267,/root/bucket2/preheats-haole-long.mp4,31
74,/root/bucket4/straked-extendant-short.mp4,24
544,/videos/2020-02-01/straked-extendant-long.mp4,47
396,/videos/2020-02-01/friskers-galvanotropic-short.mp4,6
1608,/root/bucket1/friskers-galvanotropic-long.mp4,59
597,/root/bucket4/emball-encyclic-short.mp4,7
259,/videos/2020-02-03/emball-encyclic-long.mp4,30
222,/root/bucket1/sorely-phytonadiones-short.mp4,18
1219,/videos/2020-02-01/sorely-phytonadiones-long.mp4,34
912,/root/bucket3/cauterized-appropriation-short.mp4,29
1487,/root/bucket3/cauterized-appropriation-long.mp4,38
338,/videos/2020-02-02/refrainment-wisdoms-short.mp4,29
1099,/root/bucket4/refrainment-wisdoms-long.mp4,33
886,/videos/2020-02-02/contrarinesses-swimmings-short.mp4,28
1857,/videos/2020-02-01/contrarinesses-swimmings-long.mp4,48
1502,/root/bucket4/dull-rigling-short.mp4,30
1181,/videos/2020-02-01/dull-rigling-long.mp4,44
483,/root/bucket4/streakinesses-overmelt-short.mp4,7
979,/root/bucket3/streakinesses-overmelt-long.mp4,47
130,/videos/2020-02-01/cognoscenti-waterworn-short.mp4,9
428,/videos/2020-02-02/cognoscenti-waterworn-long.mp4,28
1174,/videos/2020-02-02/incognitas-asepticise-short.mp4,6
747,/videos/2020-02-03/incognitas-asepticise-long.mp4,46
739,/videos/2020-02-03/astringencies-shoots-short.mp4,29
377,/videos/2020-02-03/astringencies-shoots-long.mp4,27
1150,/root/bucket5/prohibitiveness-peptids-short.mp4,24
343,/root/bucket3/prohibitiveness-peptids-long.mp4,29
1899,/root/bucket3/hutted-feued-short.mp4,23
903,/media/hutted-feued-long.mp4,57
1798,/root/bucket3/preboarding-cassenes-short.mp4,17
1723,/videos/2020-02-02/preboarding-cassenes-long.mp4,31
1349,/videos/2020-02-04/corrugated-bemusedly-short.mp4,25
767,/videos/2020-02-01/corrugated-bemusedly-long.mp4,41
1024,/videos/2020-02-02/nutation-centripetalisms-short.mp4,26
1828,/videos/2020-02-01/nutation-centripetalisms-long.mp4,38
1417,/root/bucket4/fetologies-drowses-short.mp4,24
651,/videos/2020-02-01/fetologies-drowses-long.mp4,46
75,/videos/2020-02-01/praiseworthy-enteropneustal-short.mp4,22
1318,/root/bucket2/praiseworthy-enteropneustal-long.mp4,55
446,/videos/2020-02-02/gnarling-subcollege-short.mp4,30
1281,/media/gnarling-subcollege-long.mp4,44
1646,/root/bucket3/rutherfords-tallats-short.mp4,10
1545,/videos/2020-02-02/rutherfords-tallats-long.mp4,28
1081,/media/offline-intercorrelated-short.mp4,13
570,/root/bucket1/offline-intercorrelated-long.mp4,54
1439,/root/bucket2/alineations-lordlinesses-short.mp4,19
1280,/root/bucket5/alineations-lordlinesses-long.mp4,46
71,/videos/2020-02-01/gangplows-armouries-short.mp4,14
999,/root/bucket3/gangplows-armouries-long.mp4,36
1158,/videos/2020-02-03/extremities-imitated-short.mp4,21
665,/videos/2020-02-01/extremities-imitated-long.mp4,54
1064,/root/bucket4/steamroller-mousepieces-short.mp4,25
1937,/media/steamroller-mousepieces-long.mp4,37
458,/videos/2020-02-04/valuers-otherguess-short.mp4,23
1161,/root/bucket2/valuers-otherguess-long.mp4,51
1189,/root/bucket2/cocks-sarrasins-short.mp4,9
674,/root/bucket1/cocks-sarrasins-long.mp4,58
564,/root/bucket5/ultramontanism-destructibilities-short.mp4,19
1669,/root/bucket1/ultramontanism-destructibilities-long.mp4,28
422,/videos/2020-02-02/dicht-druxiest-short.mp4,7
140,/root/bucket2/dicht-druxiest-long.mp4,28
215,/videos/2020-02-01/chields-hoten-short.mp4,7
916,/videos/2020-02-01/chields-hoten-long.mp4,49
426,/root/bucket3/smackers-hubbly-short.mp4,6
252,/root/bucket1/smackers-hubbly-long.mp4,27
379,/root/bucket2/doyenne-seaports-short.mp4,6
1553,/videos/2020-02-01/doyenne-seaports-long.mp4,50
280,/root/bucket5/mistouches-epidotisation-short.mp4,5
590,/media/mistouches-epidotisation-long.mp4,33
1406,/media/inconvertible-exsiccates-short.mp4,23
1713,/root/bucket4/inconvertible-exsiccates-long.mp4,27
1206,/videos/2020-02-01/mackintoshes-cablet-short.mp4,9
878,/root/bucket2/mackintoshes-cablet-long.mp4,34
1554,/root/bucket3/acquisitor-gab-short.mp4,5
920,/root/bucket3/acquisitor-gab-long.mp4,48
1292,/videos/2020-02-02/berleying-preferment-short.mp4,20
165,/videos/2020-02-01/berleying-preferment-long.mp4,41
400,/videos/2020-02-04/horopter-pindown-short.mp4,9
146,/root/bucket3/horopter-pindown-long.mp4,53
102,/media/thiophens-disgruntling-short.mp4,16
223,/videos/2020-02-01/thiophens-disgruntling-long.mp4,45
371,/media/unappointed-endash-short.mp4,10
1580,/root/bucket1/unappointed-endash-long.mp4,52
1312,/root/bucket3/oropharynxes-worthiness-short.mp4,13
1050,/videos/2020-02-01/oropharynxes-worthiness-long.mp4,41
1263,/root/bucket5/siffles-touse-short.mp4,12
1639,/videos/2020-02-02/siffles-touse-long.mp4,59
281,/videos/2020-02-02/labiates-comsymp-short.mp4,5
891,/videos/2020-02-02/labiates-comsymp-long.mp4,33
467,/root/bucket5/rewear-gross-short.mp4,6
23,/media/rewear-gross-long.mp4,42
737,/media/divinities-izars-short.mp4,6
389,/videos/2020-02-03/divinities-izars-long.mp4,58
946,/root/bucket2/tollgates-immedicably-short.mp4,30
1244,/videos/2020-02-03/tollgates-immedicably-long.mp4,33
1373,/videos/2020-02-03/polysemous-malacia-short.mp4,22
1889,/videos/2020-02-04/polysemous-malacia-long.mp4,57
1657,/root/bucket5/naunts-regrowing-short.mp4,30
500,/media/naunts-regrowing-long.mp4,42
180,/videos/2020-02-01/discontinuities-reoiling-short.mp4,12
232,/videos/2020-02-04/discontinuities-reoiling-long.mp4,34
459,/root/bucket1/divineress-febrile-short.mp4,29
1666,/videos/2020-02-02/divineress-febrile-long.mp4,27
675,/root/bucket1/shriveled-enervated-short.mp4,5
1953,/root/bucket1/shriveled-enervated-long.mp4,52
191,/videos/2020-02-01/vapulations-unpoisons-short.mp4,11
1034,/videos/2020-02-02/vapulations-unpoisons-long.mp4,29
762,/videos/2020-02-04/imparting-urinometer-short.mp4,18
1606,/root/bucket4/imparting-urinometer-long.mp4,30
491,/videos/2020-02-02/duckshoves-colorers-short.mp4,9
148,/root/bucket1/duckshoves-colorers-long.mp4,44
253,/root/bucket4/unsophisticate-runout-short.mp4,5
1768,/videos/2020-02-03/unsophisticate-runout-long.mp4,37
622,/root/bucket4/essentialised-roisterous-short.mp4,24
478,/root/bucket4/essentialised-roisterous-long.mp4,34
728,/videos/2020-02-03/numchuck-nitpickers-short.mp4,24
1801,/root/bucket2/numchuck-nitpickers-long.mp4,46
617,/videos/2020-02-02/hijackings-bishopdom-short.mp4,14
482,/root/bucket4/hijackings-bishopdom-long.mp4,41
677,/root/bucket3/conne-carillonist-short.mp4,18
1215,/videos/2020-02-01/conne-carillonist-long.mp4,31
1790,/root/bucket2/cohesions-dismayingly-short.mp4,26
49,/videos/2020-02-04/cohesions-dismayingly-long.mp4,52
1785,/videos/2020-02-03/abaya-dedifferentiation-short.mp4,5
1333,/videos/2020-02-02/abaya-dedifferentiation-long.mp4,35
378,/root/bucket5/frontier-aquaplaners-short.mp4,18
212,/root/bucket2/frontier-aquaplaners-long.mp4,39
560,/videos/2020-02-04/nolition-foreslacking-short.mp4,25
1577,/videos/2020-02-02/nolition-foreslacking-long.mp4,35
1603,/root/bucket3/exabyte-senior-short.mp4,21
266,/media/exabyte-senior-long.mp4,41
1402,/videos/2020-02-01/inanes-bemedalling-short.mp4,9
831,/videos/2020-02-02/inanes-bemedalling-long.mp4,28
1883,/videos/2020-02-04/cavings-schlimazel-short.mp4,24
1534,/media/cavings-schlimazel-long.mp4,49
1172,/media/hulloed-petrifaction-short.mp4,16
649,/videos/2020-02-02/hulloed-petrifaction-long.mp4,38
568,/root/bucket2/cosmologist-ornithology-short.mp4,23
0,/videos/2020-02-03/cosmologist-ornithology-long.mp4,47
1048,/media/icebergs-urolagnia-short.mp4,10
447,/media/icebergs-urolagnia-long.mp4,47
158,/videos/2020-02-01/bottine-areosystile-short.mp4,17
743,/root/bucket2/bottine-areosystile-long.mp4,48
468,/media/malik-pretreatment-short.mp4,8
1949,/root/bucket5/malik-pretreatment-long.mp4,28
1367,/root/bucket1/garnered-adaptability-short.mp4,22
1775,/videos/2020-02-03/garnered-adaptability-long.mp4,54
419,/root/bucket4/counteradaptation-gamahuched-short.mp4,16
1729,/root/bucket4/counteradaptation-gamahuched-long.mp4,51
1787,/root/bucket1/tribalisms-sargoses-short.mp4,28
1562,/root/bucket5/tribalisms-sargoses-long.mp4,48
1539,/videos/2020-02-03/unred-pleuch-short.mp4,18
398,/videos/2020-02-04/unred-pleuch-long.mp4,39
746,/root/bucket2/sundris-oligomerizations-short.mp4,30
619,/root/bucket4/sundris-oligomerizations-long.mp4,33
1852,/root/bucket4/bylander-excluded-short.mp4,24
864,/videos/2020-02-03/bylander-excluded-long.mp4,49
1668,/videos/2020-02-01/unbedinned-trigonal-short.mp4,5
1670,/videos/2020-02-04/unbedinned-trigonal-long.mp4,28
1505,/media/prayerfully-unpolarizable-short.mp4,12
53,/videos/2020-02-03/prayerfully-unpolarizable-long.mp4,28
1121,/videos/2020-02-03/achromatization-saffian-short.mp4,10
881,/root/bucket3/achromatization-saffian-long.mp4,30
582,/videos/2020-02-01/parmacitie-scintillator-short.mp4,23
1967,/root/bucket2/parmacitie-scintillator-long.mp4,52
1712,/videos/2020-02-01/brers-resends-short.mp4,7
1202,/root/bucket2/brers-resends-long.mp4,35
1356,/videos/2020-02-02/impropriates-allergists-short.mp4,12
1747,/root/bucket1/impropriates-allergists-long.mp4,32
1636,/videos/2020-02-04/antiquark-religionary-short.mp4,19
213,/root/bucket3/antiquark-religionary-long.mp4,41
704,/root/bucket5/knubbles-sampled-short.mp4,20
1519,/root/bucket5/knubbles-sampled-long.mp4,34
408,/root/bucket3/dumfounders-debarkation-short.mp4,29
936,/videos/2020-02-04/dumfounders-debarkation-long.mp4,50
218,/videos/2020-02-01/besmears-summarizer-short.mp4,11
1846,/videos/2020-02-01/besmears-summarizer-long.mp4,47
278,/videos/2020-02-04/xylographed-epicycloidal-short.mp4,9
439,/root/bucket4/xylographed-epicycloidal-long.mp4,42
829,/videos/2020-02-04/uncapes-imparling-short.mp4,11
497,/media/uncapes-imparling-long.mp4,58
1942,/root/bucket5/farolito-fundamentalisms-short.mp4,24
896,/root/bucket2/farolito-fundamentalisms-long.mp4,29
373,/media/habitation-rudds-short.mp4,9
827,/root/bucket4/habitation-rudds-long.mp4,48
1251,/videos/2020-02-03/inconcinnity-deified-short.mp4,24
1540,/root/bucket3/inconcinnity-deified-long.mp4,32
417,/videos/2020-02-04/outlies-disobligatory-short.mp4,30
1918,/root/bucket4/outlies-disobligatory-long.mp4,26
734,/media/monolatrist-bankrollers-short.mp4,19
270,/root/bucket3/monolatrist-bankrollers-long.mp4,45
1740,/videos/2020-02-02/contendents-unascended-short.mp4,21
124,/root/bucket3/contendents-unascended-long.mp4,51
1076,/root/bucket5/scarey-seaquakes-short.mp4,13
1236,/videos/2020-02-02/scarey-seaquakes-long.mp4,29
1361,/root/bucket4/abundance-plottered-short.mp4,16
208,/videos/2020-02-02/abundance-plottered-long.mp4,51
109,/root/bucket4/mistaught-jols-short.mp4,10
555,/videos/2020-02-01/mistaught-jols-long.mp4,30
1220,/root/bucket2/individua-carbonyls-short.mp4,13
1284,/root/bucket3/individua-carbonyls-long.mp4,52
474,/root/bucket3/greening-betaxed-short.mp4,5
1184,/root/bucket4/greening-betaxed-long.mp4,56
1622,/root/bucket1/screens-ippon-short.mp4,26
740,/videos/2020-02-03/screens-ippon-long.mp4,25
1495,/videos/2020-02-04/plottages-vomicas-short.mp4,24
1104,/root/bucket2/plottages-vomicas-long.mp4,28
1190,/root/bucket1/coches-flexitarian-short.mp4,9
16,/videos/2020-02-04/coches-flexitarian-long.mp4,47
1892,/videos/2020-02-01/blinking-trankums-short.mp4,5
1332,/videos/2020-02-02/blinking-trankums-long.mp4,27
108,/root/bucket2/oppilation-soundness-short.mp4,30
1028,/media/oppilation-soundness-long.mp4,46
1204,/videos/2020-02-03/saturability-gelatinate-short.mp4,14
1861,/videos/2020-02-04/saturability-gelatinate-long.mp4,54
1205,/videos/2020-02-03/presummit-sibyllic-short.mp4,16
1578,/media/presummit-sibyllic-long.mp4,59
289,/videos/2020-02-03/unbury-buckers-short.mp4,28
1715,/media/unbury-buckers-long.mp4,49
1600,/root/bucket2/clementine-microflora-short.mp4,8
383,/root/bucket1/clementine-microflora-long.mp4,48
1474,/root/bucket5/acronically-noninstitutionalized-short.mp4,28
1677,/root/bucket5/acronically-noninstitutionalized-long.mp4,51
1482,/root/bucket2/passersby-hyperkineses-short.mp4,8
833,/videos/2020-02-01/passersby-hyperkineses-long.mp4,31
974,/media/gluttonously-fertilises-short.mp4,25
1066,/videos/2020-02-04/gluttonously-fertilises-long.mp4,26
1615,/root/bucket4/heathenizing-disnest-short.mp4,22
627,/videos/2020-02-02/heathenizing-disnest-long.mp4,50
1453,/videos/2020-02-03/hectoringly-preconditioning-short.mp4,29
444,/media/hectoringly-preconditioning-long.mp4,46
1973,/root/bucket2/savoyards-hognuts-short.mp4,5
299,/root/bucket5/savoyards-hognuts-long.mp4,48
415,/root/bucket3/pitchiness-latexes-short.mp4,8
1354,/videos/2020-02-01/pitchiness-latexes-long.mp4,45
1037,/videos/2020-02-03/doodoo-dudism-short.mp4,18
1781,/root/bucket5/doodoo-dudism-long.mp4,34
1353,/videos/2020-02-02/liftgates-merozoite-short.mp4,6
261,/root/bucket3/liftgates-merozoite-long.mp4,31
293,/root/bucket2/rapidly-vacantnesses-short.mp4,27
1688,/root/bucket5/rapidly-vacantnesses-long.mp4,46
327,/videos/2020-02-02/anabranches-ligure-short.mp4,28
258,/videos/2020-02-03/anabranches-ligure-long.mp4,54
1709,/root/bucket3/deltiologist-motley-short.mp4,8
943,/root/bucket5/deltiologist-motley-long.mp4,27
986,/videos/2020-02-02/epididymal-grissino-short.mp4,7
1611,/root/bucket4/epididymal-grissino-long.mp4,53
279,/root/bucket4/conjugates-confederates-short.mp4,28
72,/videos/2020-02-02/conjugates-confederates-long.mp4,46
1538,/media/dunniewassals-scandalisers-short.mp4,7
1839,/root/bucket2/dunniewassals-scandalisers-long.mp4,55
1870,/root/bucket1/apocopation-crania-short.mp4,15
714,/root/bucket4/apocopation-crania-long.mp4,56
1157,/root/bucket3/begorra-hobdayed-short.mp4,27
1173,/root/bucket1/begorra-hobdayed-long.mp4,54
698,/root/bucket1/resorbence-orf-short.mp4,5
1533,/root/bucket2/resorbence-orf-long.mp4,33
1518,/videos/2020-02-02/augmenter-slaveholders-short.mp4,17
1043,/root/bucket5/augmenter-slaveholders-long.mp4,41
1344,/videos/2020-02-01/possessiveness-dogmatisms-short.mp4,5
660,/root/bucket4/possessiveness-dogmatisms-long.mp4,30
1862,/videos/2020-02-02/actins-runkled-short.mp4,15
1961,/root/bucket3/actins-runkled-long.mp4,28
846,/root/bucket5/phycocyanin-meritocratic-short.mp4,22
341,/videos/2020-02-04/phycocyanin-meritocratic-long.mp4,60
1071,/videos/2020-02-02/zoospore-masculy-short.mp4,25
454,/root/bucket3/zoospore-masculy-long.mp4,37
203,/root/bucket5/unlet-neurulas-short.mp4,13
673,/media/unlet-neurulas-long.mp4,31
334,/media/synthesised-nontaxes-short.mp4,18
1774,/videos/2020-02-02/synthesised-nontaxes-long.mp4,55
136,/videos/2020-02-04/spikers-motherworts-short.mp4,13
982,/videos/2020-02-04/spikers-motherworts-long.mp4,56
1272,/root/bucket5/discrowned-topophilias-short.mp4,9
1508,/root/bucket1/discrowned-topophilias-long.mp4,32
861,/videos/2020-02-02/reinvestment-changa-short.mp4,22
1793,/root/bucket3/reinvestment-changa-long.mp4,28
1725,/root/bucket4/subnets-wartweed-short.mp4,13
1072,/videos/2020-02-01/subnets-wartweed-long.mp4,37
1707,/root/bucket3/sodain-delimiter-short.mp4,29
19,/videos/2020-02-01/sodain-delimiter-long.mp4,52
1006,/videos/2020-02-02/egressing-destructs-short.mp4,11
1052,/root/bucket5/egressing-destructs-long.mp4,59
256,/root/bucket3/switchier-catalyst-short.mp4,5
1092,/media/switchier-catalyst-long.mp4,38
678,/videos/2020-02-02/harshed-watchboxes-short.mp4,6
951,/root/bucket1/harshed-watchboxes-long.mp4,53
947,/videos/2020-02-04/hemophilias-knots-short.mp4,17
1619,/videos/2020-02-02/hemophilias-knots-long.mp4,42
1060,/videos/2020-02-02/dictatorialness-trillionaires-short.mp4,19
1375,/root/bucket1/dictatorialness-trillionaires-long.mp4,48
1014,/media/comprehended-uplook-short.mp4,15
1698,/videos/2020-02-01/comprehended-uplook-long.mp4,60
245,/media/gunfights-syphilisations-short.mp4,30
949,/videos/2020-02-02/gunfights-syphilisations-long.mp4,58
1380,/videos/2020-02-01/untruisms-hermeticity-short.mp4,30
1640,/videos/2020-02-02/untruisms-hermeticity-long.mp4,59
1514,/media/horographers-typp-short.mp4,16
1756,/root/bucket4/horographers-typp-long.mp4,52
1319,/videos/2020-02-02/knelled-fluates-short.mp4,10
1789,/root/bucket1/knelled-fluates-long.mp4,54
388,/videos/2020-02-03/motorbiked-tyler-short.mp4,13
1229,/root/bucket1/motorbiked-tyler-long.mp4,59
1955,/root/bucket1/saltuses-hessonites-short.mp4,9
275,/root/bucket3/saltuses-hessonites-long.mp4,59
1209,/root/bucket4/quenches-histaminergic-short.mp4,22
1304,/videos/2020-02-04/quenches-histaminergic-long.mp4,28
1546,/root/bucket2/gorge-fetichises-short.mp4,22
968,/videos/2020-02-02/gorge-fetichises-long.mp4,50
1295,/videos/2020-02-04/nonformal-matata-short.mp4,17
1256,/videos/2020-02-03/nonformal-matata-long.mp4,39
1296,/videos/2020-02-02/bejading-coppiced-short.mp4,28
1760,/videos/2020-02-04/bejading-coppiced-long.mp4,35
686,/root/bucket1/autotoxaemias-catabolised-short.mp4,17
1905,/root/bucket1/autotoxaemias-catabolised-long.mp4,28
1405,/root/bucket3/schnozzle-foes-short.mp4,23
271,/root/bucket3/schnozzle-foes-long.mp4,47
810,/videos/2020-02-04/tondos-hirple-short.mp4,22
1743,/root/bucket3/tondos-hirple-long.mp4,52
792,/root/bucket3/rhytinas-disseised-short.mp4,19
1835,/root/bucket2/rhytinas-disseised-long.mp4,32
872,/root/bucket4/voyeuristically-nosedove-short.mp4,12
202,/videos/2020-02-03/voyeuristically-nosedove-long.mp4,26
1355,/videos/2020-02-03/effulgence-deckers-short.mp4,13
1301,/root/bucket5/effulgence-deckers-long.mp4,52
758,/videos/2020-02-01/poitins-conservers-short.mp4,9
1626,/root/bucket1/poitins-conservers-long.mp4,59
333,/videos/2020-02-04/nitchie-racketiest-short.mp4,16
26,/root/bucket3/nitchie-racketiest-long.mp4,43
1877,/videos/2020-02-04/sprain-waistlines-short.mp4,19
1693,/videos/2020-02-02/sprain-waistlines-long.mp4,58
78,/media/shittier-catechist-short.mp4,20
819,/media/shittier-catechist-long.mp4,59
670,/videos/2020-02-02/magnesia-knurrs-short.mp4,7
784,/root/bucket3/magnesia-knurrs-long.mp4,37
1185,/videos/2020-02-04/gerenuks-clonk-short.mp4,10
781,/media/gerenuks-clonk-long.mp4,41
583,/videos/2020-02-04/nettlelike-uncivilnesses-short.mp4,26
1250,/media/nettlelike-uncivilnesses-long.mp4,34
346,/root/bucket2/scissiparities-mesognathisms-short.mp4,10
1391,/root/bucket4/scissiparities-mesognathisms-long.mp4,45
1118,/root/bucket2/sensei-disfranchise-short.mp4,18
1526,/root/bucket5/sensei-disfranchise-long.mp4,30
681,/videos/2020-02-04/sabir-straitwaistcoat-short.mp4,24
1009,/videos/2020-02-04/sabir-straitwaistcoat-long.mp4,26
22,/root/bucket1/unequitable-seismometer-short.mp4,24
495,/root/bucket5/unequitable-seismometer-long.mp4,27
1654,/root/bucket2/pokerish-happenstance-short.mp4,18
839,/videos/2020-02-04/pokerish-happenstance-long.mp4,49
926,/root/bucket1/redhanded-flustery-short.mp4,15
1365,/root/bucket3/redhanded-flustery-long.mp4,29
372,/videos/2020-02-04/subordinal-blissing-short.mp4,22
228,/videos/2020-02-02/subordinal-blissing-long.mp4,58
732,/media/orielled-cosign-short.mp4,21
1810,/videos/2020-02-04/orielled-cosign-long.mp4,39
890,/videos/2020-02-02/toluate-cardialgic-short.mp4,9
838,/root/bucket4/toluate-cardialgic-long.mp4,32
1584,/videos/2020-02-02/rachiotomies-valvelet-short.mp4,29
1582,/videos/2020-02-01/rachiotomies-valvelet-long.mp4,60
640,/root/bucket2/deflagrates-respot-short.mp4,14
86,/root/bucket5/deflagrates-respot-long.mp4,54
1388,/media/sanitising-rechanging-short.mp4,17
1771,/root/bucket3/sanitising-rechanging-long.mp4,50
625,/root/bucket2/lymphoadenomata-lunula-short.mp4,30
867,/root/bucket3/lymphoadenomata-lunula-long.mp4,51
862,/root/bucket4/zobu-qualmy-short.mp4,25
176,/videos/2020-02-02/zobu-qualmy-long.mp4,43
1144,/root/bucket5/thyristor-unrefreshed-short.mp4,16
723,/videos/2020-02-01/thyristor-unrefreshed-long.mp4,35
1056,/root/bucket4/divagates-skyscape-short.mp4,28
1927,/root/bucket5/divagates-skyscape-long.mp4,47
680,/videos/2020-02-02/foliages-edifices-short.mp4,29
653,/root/bucket3/foliages-edifices-long.mp4,56
1903,/root/bucket1/electrofishings-copylefts-short.mp4,16
1652,/videos/2020-02-02/electrofishings-copylefts-long.mp4,59
1716,/videos/2020-02-03/emoter-bandoneons-short.mp4,26
1678,/videos/2020-02-04/emoter-bandoneons-long.mp4,36
200,/videos/2020-02-03/biguanides-concertantes-short.mp4,8
605,/videos/2020-02-01/biguanides-concertantes-long.mp4,40
1039,/videos/2020-02-04/locomotion-predefining-short.mp4,10
764,/media/locomotion-predefining-long.mp4,30
1650,/root/bucket1/ulna-hemopoieses-short.mp4,8
403,/root/bucket5/ulna-hemopoieses-long.mp4,26
646,/root/bucket2/parabiotic-rebalanced-short.mp4,8
1117,/media/parabiotic-rebalanced-long.mp4,47
1122,/root/bucket1/spring-transfixions-short.mp4,15
1350,/root/bucket4/spring-transfixions-long.mp4,37
1057,/media/cyclodiene-grasshook-short.mp4,20
773,/videos/2020-02-03/cyclodiene-grasshook-long.mp4,27
1294,/root/bucket4/epicontinental-weedlike-short.mp4,7
998,/root/bucket3/epicontinental-weedlike-long.mp4,36
1699,/media/amylic-leeze-short.mp4,24
1078,/videos/2020-02-04/amylic-leeze-long.mp4,46
1392,/media/saccules-advening-short.mp4,17
1750,/videos/2020-02-02/saccules-advening-long.mp4,60
882,/root/bucket4/winchmen-overburn-short.mp4,30
374,/root/bucket3/winchmen-overburn-long.mp4,29
243,/videos/2020-02-01/constitutionalism-wourali-short.mp4,8
1667,/root/bucket2/constitutionalism-wourali-long.mp4,44
1714,/videos/2020-02-02/cheateries-bacchanalians-short.mp4,30
1844,/root/bucket4/cheateries-bacchanalians-long.mp4,45
1489,/videos/2020-02-01/anthropomorphization-superadministrator-short.mp4,13
1135,/videos/2020-02-04/anthropomorphization-superadministrator-long.mp4,56
1575,/videos/2020-02-04/imbroccata-statelessness-short.mp4,23
104,/root/bucket3/imbroccata-statelessness-long.mp4,29
1913,/root/bucket3/vaudevillian-justificators-short.mp4,6
411,/root/bucket1/vaudevillian-justificators-long.mp4,54
1364,/root/bucket5/clepsydras-high-short.mp4,6
1141,/videos/2020-02-03/clepsydras-high-long.mp4,60
937,/root/bucket1/familiariser-fils-short.mp4,26
1807,/root/bucket3/familiariser-fils-long.mp4,26
908,/root/bucket1/chrome-daylily-short.mp4,17
1616,/root/bucket2/chrome-daylily-long.mp4,43
1424,/media/reexplored-motif-short.mp4,15
1684,/videos/2020-02-01/reexplored-motif-long.mp4,38
1262,/root/bucket4/budgeter-intravenous-short.mp4,5
1031,/root/bucket3/budgeter-intravenous-long.mp4,44
1791,/root/bucket5/vitalise-particularizing-short.mp4,24
1730,/media/vitalise-particularizing-long.mp4,28
1522,/videos/2020-02-04/avizandums-gratulatory-short.mp4,23
1109,/root/bucket1/avizandums-gratulatory-long.mp4,27
608,/videos/2020-02-02/stonecuttings-transferal-short.mp4,17
1683,/root/bucket5/stonecuttings-transferal-long.mp4,58
1686,/media/contrives-adjuror-short.mp4,5
494,/root/bucket2/contrives-adjuror-long.mp4,29
1030,/root/bucket1/hyperparathyroidisms-panaritiums-short.mp4,6
73,/videos/2020-02-02/hyperparathyroidisms-panaritiums-long.mp4,42
1765,/videos/2020-02-02/specify-greatest-short.mp4,30
889,/root/bucket5/specify-greatest-long.mp4,51
672,/root/bucket1/redbones-inapprehensible-short.mp4,21
93,/videos/2020-02-01/redbones-inapprehensible-long.mp4,60
1573,/videos/2020-02-04/effervesced-noddiest-short.mp4,7
1475,/videos/2020-02-04/effervesced-noddiest-long.mp4,48
1218,/videos/2020-02-03/panharmonicon-emulatively-short.mp4,9
870,/root/bucket4/panharmonicon-emulatively-long.mp4,56
729,/videos/2020-02-02/forcibility-cowtrees-short.mp4,15
1429,/root/bucket5/forcibility-cowtrees-long.mp4,47
1642,/root/bucket1/urning-coffs-short.mp4,20
894,/root/bucket4/urning-coffs-long.mp4,39
1309,/videos/2020-02-02/duplicative-jirkinet-short.mp4,19
1836,/media/duplicative-jirkinet-long.mp4,41
914,/videos/2020-02-03/monogonies-gapeworm-short.mp4,26
1671,/root/bucket5/monogonies-gapeworm-long.mp4,38
561,/videos/2020-02-04/sillier-beare-short.mp4,27
1154,/root/bucket2/sillier-beare-long.mp4,26
138,/root/bucket3/tongues-dropping-short.mp4,17
1346,/root/bucket3/tongues-dropping-long.mp4,58
540,/root/bucket4/legendized-placeholders-short.mp4,14
1978,/videos/2020-02-03/legendized-placeholders-long.mp4,41
1938,/videos/2020-02-03/glibnesses-peccavi-short.mp4,14
1854,/videos/2020-02-04/glibnesses-peccavi-long.mp4,53
576,/root/bucket4/snippily-foresee-short.mp4,20
1599,/root/bucket5/snippily-foresee-long.mp4,59
1535,/root/bucket2/screeted-conflates-short.mp4,12
1187,/media/screeted-conflates-long.mp4,60
521,/videos/2020-02-02/breastplough-leprosities-short.mp4,8
1069,/media/breastplough-leprosities-long.mp4,34
692,/videos/2020-02-02/heliostat-imprudent-short.mp4,27
751,/videos/2020-02-03/heliostat-imprudent-long.mp4,29
1243,/root/bucket2/payfone-misshapers-short.mp4,11
1754,/root/bucket2/payfone-misshapers-long.mp4,25
642,/root/bucket5/sironising-farand-short.mp4,29
1975,/videos/2020-02-01/sironising-farand-long.mp4,29
143,/videos/2020-02-04/comorbid-rerevising-short.mp4,19
1504,/videos/2020-02-03/comorbid-rerevising-long.mp4,27
832,/root/bucket4/multiday-ungot-short.mp4,11
1648,/videos/2020-02-04/multiday-ungot-long.mp4,32
435,/root/bucket2/sayon-haymakings-short.mp4,27
1239,/videos/2020-02-02/sayon-haymakings-long.mp4,50
1583,/root/bucket4/concubinages-ecumenists-short.mp4,24
216,/root/bucket2/concubinages-ecumenists-long.mp4,45
1372,/videos/2020-02-04/genogram-whitewoods-short.mp4,24
589,/videos/2020-02-04/genogram-whitewoods-long.mp4,51
1511,/videos/2020-02-02/silverpoint-encrust-short.mp4,21
1925,/root/bucket5/silverpoint-encrust-long.mp4,43
1945,/root/bucket3/dimidiate-disenchantments-short.mp4,5
953,/media/dimidiate-disenchantments-long.mp4,36
6,/videos/2020-02-04/recompenses-ashamednesses-short.mp4,16
807,/videos/2020-02-02/recompenses-ashamednesses-long.mp4,41
1567,/videos/2020-02-03/leishmanias-jacare-short.mp4,19
1393,/root/bucket1/leishmanias-jacare-long.mp4,42
1444,/media/presummit-breaths-short.mp4,5
1983,/videos/2020-02-01/presummit-breaths-long.mp4,31
461,/root/bucket4/oil-coherers-short.mp4,13
1702,/root/bucket2/oil-coherers-long.mp4,49
978,/videos/2020-02-03/sonhood-sissyish-short.mp4,21
594,/videos/2020-02-04/sonhood-sissyish-long.mp4,39
239,/media/canoodlers-carryalls-short.mp4,17
1850,/videos/2020-02-02/canoodlers-carryalls-long.mp4,32
1890,/videos/2020-02-01/despondence-timeservings-short.mp4,21
569,/root/bucket2/despondence-timeservings-long.mp4,50
928,/media/adventure-beside-short.mp4,13
550,/root/bucket2/adventure-beside-long.mp4,59
1428,/root/bucket1/vegetatious-noncolas-short.mp4,17
1163,/root/bucket5/vegetatious-noncolas-long.mp4,41
312,/videos/2020-02-03/stealthily-underkills-short.mp4,19
1452,/videos/2020-02-02/stealthily-underkills-long.mp4,38
56,/root/bucket5/sulfureted-polymorphically-short.mp4,30
1752,/media/sulfureted-polymorphically-long.mp4,60
875,/videos/2020-02-02/processioner-straughter-short.mp4,25
1020,/root/bucket1/processioner-straughter-long.mp4,54
1265,/root/bucket2/tagger-intergrowths-short.mp4,22
1772,/root/bucket1/tagger-intergrowths-long.mp4,46
8,/videos/2020-02-01/mesitylenes-loofah-short.mp4,14
105,/videos/2020-02-04/mesitylenes-loofah-long.mp4,27
1986,/root/bucket1/eliches-chargehand-short.mp4,30
199,/videos/2020-02-02/eliches-chargehand-long.mp4,39
1108,/root/bucket5/equipotent-cassation-short.mp4,10
1972,/root/bucket1/equipotent-cassation-long.mp4,46
1379,/root/bucket4/sodomised-dadoing-short.mp4,9
1923,/root/bucket3/sodomised-dadoing-long.mp4,53
538,/videos/2020-02-03/aerotactic-bypass-short.mp4,7
1299,/root/bucket1/aerotactic-bypass-long.mp4,50
1192,/videos/2020-02-01/micturating-concealed-short.mp4,21
1089,/videos/2020-02-01/micturating-concealed-long.mp4,52
768,/root/bucket3/stickmen-semillons-short.mp4,10
52,/root/bucket1/stickmen-semillons-long.mp4,30
184,/root/bucket3/pakihis-shirtband-short.mp4,9
1695,/videos/2020-02-02/pakihis-shirtband-long.mp4,46
1022,/root/bucket2/unarched-knags-short.mp4,21
1277,/root/bucket1/unarched-knags-long.mp4,55
1569,/root/bucket4/wry-euchologion-short.mp4,24
932,/videos/2020-02-04/wry-euchologion-long.mp4,29
1858,/videos/2020-02-01/facings-elapses-short.mp4,29
1164,/root/bucket4/facings-elapses-long.mp4,54
1213,/videos/2020-02-01/electroretinograph-jillion-short.mp4,30
1336,/videos/2020-02-03/electroretinograph-jillion-long.mp4,58
1456,/videos/2020-02-03/whimpering-zombified-short.mp4,7
1822,/media/whimpering-zombified-long.mp4,31
1334,/root/bucket2/techno-tarras-short.mp4,5
246,/root/bucket1/techno-tarras-long.mp4,33
820,/videos/2020-02-04/cottony-chaffiest-short.mp4,13
1773,/root/bucket3/cottony-chaffiest-long.mp4,52
1183,/root/bucket5/busybody-cocobola-short.mp4,8
33,/root/bucket2/busybody-cocobola-long.mp4,39
735,/videos/2020-02-01/nonmechanistic-quaesitum-short.mp4,10
1383,/media/nonmechanistic-quaesitum-long.mp4,29
214,/root/bucket5/selenographer-improvidence-short.mp4,6
805,/root/bucket5/selenographer-improvidence-long.mp4,44
813,/root/bucket5/tawheowheos-presell-short.mp4,25
1992,/root/bucket2/tawheowheos-presell-long.mp4,48
1414,/videos/2020-02-04/sitosterols-monture-short.mp4,11
139,/root/bucket4/sitosterols-monture-long.mp4,40
409,/root/bucket4/moschate-friges-short.mp4,9
348,/root/bucket1/moschate-friges-long.mp4,45
1259,/root/bucket1/oilcamps-newsbreaks-short.mp4,8
1962,/root/bucket3/oilcamps-newsbreaks-long.mp4,31
696,/videos/2020-02-02/amalgamative-oos-short.mp4,12
1002,/root/bucket1/amalgamative-oos-long.mp4,44
1266,/videos/2020-02-01/twangy-multiuser-short.mp4,30
796,/videos/2020-02-03/twangy-multiuser-long.mp4,40
1070,/root/bucket1/photocopyings-fuchsite-short.mp4,30
1700,/videos/2020-02-02/photocopyings-fuchsite-long.mp4,26
562,/root/bucket4/hypersusceptibility-geochronology-short.mp4,24
852,/root/bucket3/hypersusceptibility-geochronology-long.mp4,29
567,/videos/2020-02-01/hazarding-undersize-short.mp4,14
874,/root/bucket1/hazarding-undersize-long.mp4,25
1676,/root/bucket4/utopism-debs-short.mp4,10
984,/videos/2020-02-01/utopism-debs-long.mp4,59
211,/root/bucket1/leaking-sphygmus-short.mp4,22
436,/root/bucket4/leaking-sphygmus-long.mp4,48
901,/root/bucket4/repressed-oviraptor-short.mp4,6
367,/root/bucket5/repressed-oviraptor-long.mp4,29
1592,/root/bucket4/barophoresis-loungey-short.mp4,25
1745,/videos/2020-02-03/barophoresis-loungey-long.mp4,38
205,/videos/2020-02-02/outranks-rhizopod-short.mp4,14
761,/videos/2020-02-04/outranks-rhizopod-long.mp4,60
1166,/videos/2020-02-01/ghostwrote-workaholic-short.mp4,14
1651,/root/bucket4/ghostwrote-workaholic-long.mp4,56
1468,/videos/2020-02-02/kip-bucktail-short.mp4,11
1498,/root/bucket4/kip-bucktail-long.mp4,50
1779,/media/elbowrooms-ultion-short.mp4,29
1784,/videos/2020-02-04/elbowrooms-ultion-long.mp4,31
234,/root/bucket3/loxodromically-voluntarists-short.mp4,17
1036,/videos/2020-02-04/loxodromically-voluntarists-long.mp4,31
959,/root/bucket3/treater-redolence-short.mp4,6
1570,/media/treater-redolence-long.mp4,37
339,/videos/2020-02-02/azotemic-bonbonniere-short.mp4,17
133,/videos/2020-02-02/azotemic-bonbonniere-long.mp4,39
1939,/root/bucket1/dromos-endgates-short.mp4,23
659,/media/dromos-endgates-long.mp4,52
958,/videos/2020-02-04/analogue-anathematises-short.mp4,20
393,/media/analogue-anathematises-long.mp4,39
1381,/root/bucket3/coldnesses-handgrip-short.mp4,27
1901,/media/coldnesses-handgrip-long.mp4,29
410,/videos/2020-02-03/heterokont-publicans-short.mp4,9
757,/videos/2020-02-03/heterokont-publicans-long.mp4,26
837,/root/bucket3/pintoes-yellowfin-short.mp4,7
1817,/root/bucket4/pintoes-yellowfin-long.mp4,52
501,/videos/2020-02-03/misdescription-flints-short.mp4,8
1027,/videos/2020-02-04/misdescription-flints-long.mp4,53
933,/videos/2020-02-02/stridulous-phyllosilicates-short.mp4,24
1908,/root/bucket5/stridulous-phyllosilicates-long.mp4,53
1628,/root/bucket1/quantongs-epacts-short.mp4,10
592,/videos/2020-02-02/quantongs-epacts-long.mp4,59
260,/root/bucket1/enormous-varactor-short.mp4,24
1761,/root/bucket4/enormous-varactor-long.mp4,47
956,/root/bucket4/vellicative-chemisorb-short.mp4,17
449,/videos/2020-02-01/vellicative-chemisorb-long.mp4,46
970,/root/bucket3/outvenomed-tithonias-short.mp4,20
363,/root/bucket2/outvenomed-tithonias-long.mp4,33
434,/videos/2020-02-02/ejective-straked-short.mp4,10
204,/videos/2020-02-02/ejective-straked-long.mp4,52
522,/root/bucket3/acrylonitrile-bloodlust-short.mp4,20
332,/root/bucket1/acrylonitrile-bloodlust-long.mp4,44
887,/root/bucket1/outstations-tying-short.mp4,17
1867,/root/bucket2/outstations-tying-long.mp4,54
1625,/videos/2020-02-03/chieferies-emblics-short.mp4,14
1270,/videos/2020-02-02/chieferies-emblics-long.mp4,60
664,/root/bucket4/squiresses-bigheadedness-short.mp4,29
1665,/root/bucket1/squiresses-bigheadedness-long.mp4,49
44,/root/bucket1/effete-cutch-short.mp4,21
855,/root/bucket3/effete-cutch-long.mp4,56
132,/videos/2020-02-02/pellack-juvenals-short.mp4,9
1046,/root/bucket2/pellack-juvenals-long.mp4,59
1796,/root/bucket3/cervixes-alibied-short.mp4,7
1720,/videos/2020-02-03/cervixes-alibied-long.mp4,44
900,/root/bucket4/depopulating-graips-short.mp4,18
1766,/videos/2020-02-03/depopulating-graips-long.mp4,30
1547,/root/bucket3/mycovirus-nattering-short.mp4,16
1866,/videos/2020-02-03/mycovirus-nattering-long.mp4,52
1786,/root/bucket1/unappalled-laveers-short.mp4,7
60,/root/bucket5/unappalled-laveers-long.mp4,59
1324,/videos/2020-02-01/suboptimizations-unpunctualities-short.mp4,16
1275,/media/suboptimizations-unpunctualities-long.mp4,59
1223,/videos/2020-02-02/frush-beadman-short.mp4,30
1327,/videos/2020-02-02/frush-beadman-long.mp4,49
1928,/media/interclavicular-sugging-short.mp4,23
713,/videos/2020-02-02/interclavicular-sugging-long.mp4,45
574,/media/diurnalists-papyrus-short.mp4,30
88,/root/bucket2/diurnalists-papyrus-long.mp4,40
414,/media/shortchanged-contemplatist-short.mp4,15
151,/videos/2020-02-04/shortchanged-contemplatist-long.mp4,44
1018,/videos/2020-02-02/babblements-heptahedra-short.mp4,24
1991,/root/bucket2/babblements-heptahedra-long.mp4,39
502,/root/bucket3/vacances-trephine-short.mp4,7
836,/videos/2020-02-04/vacances-trephine-long.mp4,28
227,/root/bucket4/arable-sinistrorse-short.mp4,6
313,/root/bucket1/arable-sinistrorse-long.mp4,55
352,/root/bucket4/swingisms-floppily-short.mp4,12
425,/media/swingisms-floppily-long.mp4,36
1285,/videos/2020-02-04/chinwag-defrags-short.mp4,5
528,/root/bucket1/chinwag-defrags-long.mp4,58
1827,/videos/2020-02-02/turcopole-galravaging-short.mp4,26
1019,/videos/2020-02-03/turcopole-galravaging-long.mp4,28
236,/videos/2020-02-02/fuliginosities-denotate-short.mp4,20
2,/root/bucket4/fuliginosities-denotate-long.mp4,57
141,/videos/2020-02-01/coltishnesses-compearances-short.mp4,22
355,/root/bucket4/coltishnesses-compearances-long.mp4,35
1371,/videos/2020-02-02/informations-transpirable-short.mp4,16
1623,/videos/2020-02-02/informations-transpirable-long.mp4,51
375,/root/bucket1/axoplasms-daman-short.mp4,11
1728,/root/bucket2/axoplasms-daman-long.mp4,59
1997,/root/bucket5/bough-contraried-short.mp4,23
276,/root/bucket2/bough-contraried-long.mp4,33
485,/videos/2020-02-01/wester-torpescences-short.mp4,16
1485,/videos/2020-02-04/wester-torpescences-long.mp4,55
1814,/media/accidental-laterized-short.mp4,19
873,/root/bucket3/accidental-laterized-long.mp4,28
1329,/root/bucket4/teds-afterwards-short.mp4,5
1351,/root/bucket2/teds-afterwards-long.mp4,59
187,/root/bucket2/sculs-morelles-short.mp4,8
156,/root/bucket3/sculs-morelles-long.mp4,38
777,/root/bucket1/noncomputerized-hillocks-short.mp4,23
699,/root/bucket1/noncomputerized-hillocks-long.mp4,47
1464,/media/bewrayed-emanations-short.mp4,12
429,/videos/2020-02-02/bewrayed-emanations-long.mp4,39
58,/root/bucket5/aerodart-porcelainise-short.mp4,13
790,/videos/2020-02-01/aerodart-porcelainise-long.mp4,51
1088,/root/bucket2/cabezon-epileptically-short.mp4,19
94,/root/bucket1/cabezon-epileptically-long.mp4,40
91,/root/bucket4/parotides-lairising-short.mp4,28
1119,/videos/2020-02-04/parotides-lairising-long.mp4,45
157,/root/bucket4/rentings-multicapitate-short.mp4,27
401,/videos/2020-02-01/rentings-multicapitate-long.mp4,51
163,/videos/2020-02-04/rail-incrementals-short.mp4,23
1906,/videos/2020-02-03/rail-incrementals-long.mp4,41
1794,/root/bucket2/fetchers-lovesome-short.mp4,24
1840,/root/bucket4/fetchers-lovesome-long.mp4,25
1587,/root/bucket2/eukaryon-claim-short.mp4,24
1278,/root/bucket5/eukaryon-claim-long.mp4,25
848,/media/deejay-haemocyte-short.mp4,18
1348,/root/bucket4/deejay-haemocyte-long.mp4,35
645,/videos/2020-02-02/relatives-quellers-short.mp4,30
1985,/root/bucket1/relatives-quellers-long.mp4,51
197,/videos/2020-02-04/rheotaxis-subcodes-short.mp4,12
726,/root/bucket5/rheotaxis-subcodes-long.mp4,41
1007,/root/bucket1/commonplaces-pseudocode-short.mp4,21
945,/videos/2020-02-03/commonplaces-pseudocode-long.mp4,49
1576,/root/bucket2/pungles-brocatels-short.mp4,30
1194,/videos/2020-02-04/pungles-brocatels-long.mp4,54
185,/root/bucket2/maraudings-microcelebrity-short.mp4,14
349,/root/bucket3/maraudings-microcelebrity-long.mp4,39
1110,/root/bucket5/azym-abelia-short.mp4,27
1152,/root/bucket2/azym-abelia-long.mp4,36
952,/media/antimonites-recalcitration-short.mp4,30
884,/videos/2020-02-04/antimonites-recalcitration-long.mp4,30
529,/root/bucket4/rebalancing-dognapping-short.mp4,14
1737,/root/bucket3/rebalancing-dognapping-long.mp4,44
710,/root/bucket1/bilabiate-belittler-short.mp4,10
630,/videos/2020-02-03/bilabiate-belittler-long.mp4,47
1403,/videos/2020-02-01/overperch-overwhelming-short.mp4,20
235,/root/bucket2/overperch-overwhelming-long.mp4,38
1169,/root/bucket4/enmeshments-rogued-short.mp4,15
230,/root/bucket4/enmeshments-rogued-long.mp4,31
1689,/videos/2020-02-01/codomains-kinships-short.mp4,30
1506,/root/bucket2/codomains-kinships-long.mp4,37
1528,/media/unworried-ensigns-short.mp4,13
1234,/media/unworried-ensigns-long.mp4,34
519,/root/bucket2/protonations-acridities-short.mp4,12
1307,/videos/2020-02-03/protonations-acridities-long.mp4,55
110,/root/bucket4/tretinoins-fisheries-short.mp4,20
51,/root/bucket4/tretinoins-fisheries-long.mp4,29
973,/root/bucket3/clofibrates-divisional-short.mp4,14
35,/root/bucket4/clofibrates-divisional-long.mp4,41
1111,/root/bucket5/dodgeries-parallelopipeda-short.mp4,24
484,/videos/2020-02-02/dodgeries-parallelopipeda-long.mp4,34
1803,/videos/2020-02-02/dibenzofurans-prioritizes-short.mp4,7
707,/root/bucket5/dibenzofurans-prioritizes-long.mp4,47
1605,/root/bucket4/lewisites-liripoop-short.mp4,21
803,/root/bucket4/lewisites-liripoop-long.mp4,47
858,/root/bucket2/nanodots-multivolume-short.mp4,15
1065,/media/nanodots-multivolume-long.mp4,37
1366,/videos/2020-02-02/butane-thatches-short.mp4,25
537,/root/bucket1/butane-thatches-long.mp4,53
359,/videos/2020-02-03/wayless-belt-short.mp4,13
730,/videos/2020-02-03/wayless-belt-long.mp4,39
1313,/root/bucket4/instituted-weathercloths-short.mp4,13
38,/videos/2020-02-01/instituted-weathercloths-long.mp4,58
1245,/root/bucket3/underestimation-forfaiters-short.mp4,10
1855,/videos/2020-02-03/underestimation-forfaiters-long.mp4,27
1090,/root/bucket3/hedonistic-mams-short.mp4,30
1359,/root/bucket1/hedonistic-mams-long.mp4,52
983,/root/bucket4/reassembly-therefor-short.mp4,25
1996,/root/bucket5/reassembly-therefor-long.mp4,53
1267,/root/bucket3/dubitates-homologise-short.mp4,9
1358,/root/bucket4/dubitates-homologise-long.mp4,36
311,/videos/2020-02-04/monoecy-pettifoggings-short.mp4,19
1910,/videos/2020-02-04/monoecy-pettifoggings-long.mp4,41
1107,/root/bucket4/psammophyte-unwithered-short.mp4,6
1276,/root/bucket1/psammophyte-unwithered-long.mp4,40
322,/root/bucket3/burnooses-malaxage-short.mp4,17
1637,/root/bucket2/burnooses-malaxage-long.mp4,37
1479,/root/bucket3/sorrowfulnesses-henotheism-short.mp4,8
210,/videos/2020-02-03/sorrowfulnesses-henotheism-long.mp4,54
1385,/media/tomographic-realtones-short.mp4,30
1000,/videos/2020-02-01/tomographic-realtones-long.mp4,43
1783,/videos/2020-02-02/benzoyl-inclose-short.mp4,25
1288,/root/bucket3/benzoyl-inclose-long.mp4,48
815,/root/bucket1/girsh-offerors-short.mp4,12
1876,/videos/2020-02-04/girsh-offerors-long.mp4,48
381,/root/bucket3/stronghold-sylphides-short.mp4,30
174,/videos/2020-02-02/stronghold-sylphides-long.mp4,28
247,/root/bucket4/outdrinks-apoptoses-short.mp4,21
717,/videos/2020-02-03/outdrinks-apoptoses-long.mp4,48
201,/root/bucket1/stottering-reusability-short.mp4,5
1080,/root/bucket1/stottering-reusability-long.mp4,27
1735,/media/coprophagies-fantads-short.mp4,20
1736,/videos/2020-02-04/coprophagies-fantads-long.mp4,40
1201,/videos/2020-02-02/secretors-timelessness-short.mp4,28
804,/media/secretors-timelessness-long.mp4,50
1859,/videos/2020-02-02/retrainable-deriver-short.mp4,13
466,/root/bucket1/retrainable-deriver-long.mp4,38
1093,/root/bucket4/battening-georgics-short.mp4,13
1941,/videos/2020-02-02/battening-georgics-long.mp4,46
433,/videos/2020-02-04/imbower-brickclay-short.mp4,14
753,/videos/2020-02-01/imbower-brickclay-long.mp4,57
481,/videos/2020-02-01/unwedgeable-guttating-short.mp4,19
1384,/root/bucket2/unwedgeable-guttating-long.mp4,52
1061,/root/bucket4/larcenously-amnions-short.mp4,17
985,/videos/2020-02-02/larcenously-amnions-long.mp4,30
566,/root/bucket5/cevadilla-agon-short.mp4,25
427,/root/bucket4/cevadilla-agon-long.mp4,33
1593,/media/tormentings-rhabdomyoma-short.mp4,26
1911,/root/bucket2/tormentings-rhabdomyoma-long.mp4,26
268,/root/bucket5/pyrolising-pudendous-short.mp4,24
1165,/videos/2020-02-01/pyrolising-pudendous-long.mp4,47
21,/videos/2020-02-02/stern-koji-short.mp4,15
616,/root/bucket1/stern-koji-long.mp4,55
808,/root/bucket1/earbashes-salaciousnesses-short.mp4,23
610,/root/bucket2/earbashes-salaciousnesses-long.mp4,36
547,/videos/2020-02-03/exemplify-thusness-short.mp4,8
578,/root/bucket2/exemplify-thusness-long.mp4,52
931,/root/bucket4/photomosaics-pigsconce-short.mp4,10
797,/media/photomosaics-pigsconce-long.mp4,35
347,/root/bucket5/genizoth-parabases-short.mp4,8
1860,/videos/2020-02-04/genizoth-parabases-long.mp4,25
530,/root/bucket2/heaths-platinised-short.mp4,28
1400,/root/bucket4/heaths-platinised-long.mp4,57
305,/videos/2020-02-03/hubcaps-onshoring-short.mp4,14
1029,/videos/2020-02-01/hubcaps-onshoring-long.mp4,51
307,/videos/2020-02-02/brimfull-protistan-short.mp4,19
122,/videos/2020-02-02/brimfull-protistan-long.mp4,43
250,/videos/2020-02-02/codeine-reopposing-short.mp4,8
128,/root/bucket5/codeine-reopposing-long.mp4,36
1273,/root/bucket3/brigadier-iguanians-short.mp4,21
1008,/videos/2020-02-03/brigadier-iguanians-long.mp4,49
1799,/root/bucket3/thumblings-oar-short.mp4,22
893,/videos/2020-02-01/thumblings-oar-long.mp4,29
1816,/videos/2020-02-01/silphium-outsoars-short.mp4,21
854,/videos/2020-02-02/silphium-outsoars-long.mp4,30
1167,/root/bucket5/mountebankisms-hushes-short.mp4,13
1897,/videos/2020-02-02/mountebankisms-hushes-long.mp4,29
1751,/videos/2020-02-03/gynaecia-plumberies-short.mp4,30
1320,/root/bucket2/gynaecia-plumberies-long.mp4,58
1767,/videos/2020-02-03/secrete-reptiloid-short.mp4,22
523,/root/bucket3/secrete-reptiloid-long.mp4,29
1841,/root/bucket1/actualizes-sanest-short.mp4,28
1176,/root/bucket5/actualizes-sanest-long.mp4,28
387,/videos/2020-02-04/overeducating-splotchy-short.mp4,14
1253,/media/overeducating-splotchy-long.mp4,47
1989,/videos/2020-02-03/galoping-greenbug-short.mp4,18
292,/root/bucket1/galoping-greenbug-long.mp4,33
265,/root/bucket3/catarrhines-fairnytickle-short.mp4,17
593,/root/bucket2/catarrhines-fairnytickle-long.mp4,33
29,/videos/2020-02-04/thanks-frati-short.mp4,26
996,/videos/2020-02-04/thanks-frati-long.mp4,36
336,/videos/2020-02-03/woodblocks-caprices-short.mp4,19
749,/root/bucket5/woodblocks-caprices-long.mp4,28
172,/videos/2020-02-01/latents-aches-short.mp4,21
782,/videos/2020-02-01/latents-aches-long.mp4,58
1529,/videos/2020-02-03/liney-bitchiness-short.mp4,23
821,/root/bucket2/liney-bitchiness-long.mp4,60
1501,/videos/2020-02-02/kinetheodolites-savarin-short.mp4,10
1958,/videos/2020-02-01/kinetheodolites-savarin-long.mp4,60
604,/root/bucket2/briquettes-aoristic-short.mp4,8
910,/media/briquettes-aoristic-long.mp4,52
1681,/root/bucket3/omasal-murmured-short.mp4,11
1581,/root/bucket4/omasal-murmured-long.mp4,35
453,/videos/2020-02-01/paludicolous-pannier-short.mp4,14
1884,/media/paludicolous-pannier-long.mp4,31
362,/videos/2020-02-01/quartodeciman-wheughed-short.mp4,22
1818,/videos/2020-02-02/quartodeciman-wheughed-long.mp4,43
516,/root/bucket4/derestricted-copycat-short.mp4,19
921,/root/bucket2/derestricted-copycat-long.mp4,52
841,/root/bucket3/uncured-shmooziest-short.mp4,24
1886,/root/bucket3/uncured-shmooziest-long.mp4,39
189,/root/bucket5/sows-mairehau-short.mp4,29
1302,/root/bucket5/sows-mairehau-long.mp4,39
793,/videos/2020-02-01/epidotisation-fanions-short.mp4,20
1012,/root/bucket1/epidotisation-fanions-long.mp4,35
1339,/videos/2020-02-01/inputs-subassembled-short.mp4,28
766,/root/bucket3/inputs-subassembled-long.mp4,56
315,/videos/2020-02-02/embus-slotback-short.mp4,6
816,/root/bucket2/embus-slotback-long.mp4,27
1112,/media/puce-nonhereditary-short.mp4,5
1660,/root/bucket2/puce-nonhereditary-long.mp4,50
1881,/root/bucket1/nymphomaniacal-arame-short.mp4,19
786,/root/bucket1/nymphomaniacal-arame-long.mp4,42
351,/videos/2020-02-04/friendings-ectogenesis-short.mp4,18
557,/videos/2020-02-02/friendings-ectogenesis-long.mp4,41
321,/videos/2020-02-04/percolates-exility-short.mp4,11
1641,/videos/2020-02-02/percolates-exility-long.mp4,38
1856,/videos/2020-02-02/sharns-niceness-short.mp4,14
688,/root/bucket4/sharns-niceness-long.mp4,47
989,/videos/2020-02-04/pinacotheca-refroze-short.mp4,9
1410,/videos/2020-02-03/pinacotheca-refroze-long.mp4,48
682,/videos/2020-02-04/gentlepersons-irremissions-short.mp4,6
966,/root/bucket4/gentlepersons-irremissions-long.mp4,41
1795,/videos/2020-02-01/decumbencies-lairy-short.mp4,19
1238,/videos/2020-02-02/decumbencies-lairy-long.mp4,58
325,/root/bucket2/disaggregation-noncallable-short.mp4,25
1847,/videos/2020-02-03/disaggregation-noncallable-long.mp4,45
150,/root/bucket3/subclustering-manhandles-short.mp4,8
573,/root/bucket2/subclustering-manhandles-long.mp4,59
812,/videos/2020-02-02/hyperexcited-argon-short.mp4,13
955,/root/bucket2/hyperexcited-argon-long.mp4,26
1500,/root/bucket1/cums-blackleads-short.mp4,30
1338,/root/bucket4/cums-blackleads-long.mp4,54
283,/videos/2020-02-01/metalize-ridiculously-short.mp4,11
1443,/videos/2020-02-03/metalize-ridiculously-long.mp4,55
1409,/videos/2020-02-03/caporals-taskers-short.mp4,11
565,/root/bucket4/caporals-taskers-long.mp4,46
1679,/videos/2020-02-03/versant-laesie-short.mp4,23
297,/videos/2020-02-04/versant-laesie-long.mp4,28
1574,/media/menstrua-peeress-short.mp4,22
1394,/root/bucket1/menstrua-peeress-long.mp4,42
498,/videos/2020-02-03/punitory-otorhinolaryngologists-short.mp4,30
1960,/videos/2020-02-01/punitory-otorhinolaryngologists-long.mp4,45
1527,/root/bucket2/roues-livering-short.mp4,26
1675,/videos/2020-02-01/roues-livering-long.mp4,32
1458,/videos/2020-02-01/optic-buzzbaits-short.mp4,27
1330,/videos/2020-02-01/optic-buzzbaits-long.mp4,57
1465,/media/sithen-interfiber-short.mp4,21
1499,/root/bucket5/sithen-interfiber-long.mp4,36
963,/media/glomerule-twenty-short.mp4,20
669,/root/bucket5/glomerule-twenty-long.mp4,55
161,/videos/2020-02-01/banal-likest-short.mp4,22
1357,/videos/2020-02-01/banal-likest-long.mp4,51
342,/videos/2020-02-04/consilient-shamefaced-short.mp4,29
1632,/videos/2020-02-02/consilient-shamefaced-long.mp4,39
1762,/root/bucket5/paviors-devotionists-short.mp4,14
512,/root/bucket2/paviors-devotionists-long.mp4,44
345,/root/bucket5/myrmecochory-sombreness-short.mp4,5
1442,/root/bucket2/myrmecochory-sombreness-long.mp4,53
225,/root/bucket3/unpretentious-verbena-short.mp4,23
1023,/videos/2020-02-02/unpretentious-verbena-long.mp4,25
1621,/videos/2020-02-04/hydrotherapist-hairy-short.mp4,21
957,/media/hydrotherapist-hairy-long.mp4,44
703,/media/texturising-venatic-short.mp4,28
1692,/media/texturising-venatic-long.mp4,59
20,/videos/2020-02-03/pukas-secrecy-short.mp4,5
950,/videos/2020-02-03/pukas-secrecy-long.mp4,26
318,/root/bucket2/naughtiness-prequalification-short.mp4,24
237,/root/bucket2/naughtiness-prequalification-long.mp4,50
1659,/root/bucket1/gasohols-enterectomy-short.mp4,17
31,/videos/2020-02-04/gasohols-enterectomy-long.mp4,52
571,/root/bucket4/iridial-pentoside-short.mp4,17
1232,/media/iridial-pentoside-long.mp4,39
1907,/root/bucket4/decarbonating-apologize-short.mp4,30
1315,/media/decarbonating-apologize-long.mp4,56
1618,/videos/2020-02-03/pulsidge-spectrometric-short.mp4,27
178,/root/bucket5/pulsidge-spectrometric-long.mp4,30
994,/videos/2020-02-02/chokey-allurers-short.mp4,30
66,/root/bucket1/chokey-allurers-long.mp4,58
1305,/root/bucket3/interposition-religionize-short.mp4,26
1588,/videos/2020-02-03/interposition-religionize-long.mp4,47
1147,/videos/2020-02-02/lamenters-namaste-short.mp4,8
14,/root/bucket5/lamenters-namaste-long.mp4,41
1235,/root/bucket5/insouled-countermeasures-short.mp4,9
1624,/videos/2020-02-01/insouled-countermeasures-long.mp4,51
1103,/root/bucket5/eviscerated-boogers-short.mp4,18
1764,/root/bucket5/eviscerated-boogers-long.mp4,29
1282,/root/bucket1/kenos-choreographies-short.mp4,20
1120,/root/bucket4/kenos-choreographies-long.mp4,40
1521,/root/bucket2/iodine-clodhopping-short.mp4,27
1438,/videos/2020-02-04/iodine-clodhopping-long.mp4,46
1691,/videos/2020-02-01/latrias-workwatchers-short.mp4,14
1049,/root/bucket3/latrias-workwatchers-long.mp4,30
981,/root/bucket2/deckles-pourtraicts-short.mp4,26
809,/root/bucket4/deckles-pourtraicts-long.mp4,41
1612,/media/tarantaras-cid-short.mp4,21
407,/videos/2020-02-03/tarantaras-cid-long.mp4,50
79,/root/bucket5/ipecacs-unvulgar-short.mp4,5
1705,/root/bucket5/ipecacs-unvulgar-long.mp4,42
778,/media/blew-thraward-short.mp4,28
244,/videos/2020-02-02/blew-thraward-long.mp4,36
716,/root/bucket4/bating-hagdon-short.mp4,8
328,/root/bucket1/bating-hagdon-long.mp4,26
1694,/root/bucket3/newsgroup-degenerateness-short.mp4,14
1207,/root/bucket3/newsgroup-degenerateness-long.mp4,57
632,/root/bucket1/dionysian-shrimping-short.mp4,19
1460,/root/bucket5/dionysian-shrimping-long.mp4,52
644,/root/bucket1/cocooned-ampliation-short.mp4,28
1819,/videos/2020-02-01/cocooned-ampliation-long.mp4,47
